N,Trial,Latency_ns,App_Bandwidth_GBps,Perf_Elapsed,Cach_Misses,Perf_Bandwidth_GBps
1,1,860959.2914581299,0.09291960815535324,0.0014288797974586487,659218,5968148,125721,1214615,29.526592842195296
1,2,945467.5018787384,0.08461422506964228,0.0013216808438301086,631035,6304896,140071,1271600,30.556726450664456
1,3,965107.2323322296,0.08289234327534364,0.0014666728675365448,589280,6285336,121468,1344432,25.713927648600407
1,4,978142.0230865479,0.08178771396362086,0.0013045258820056915,587934,6012620,106443,1225777,28.84402411560266
1,5,923398.88215065,0.08663644882661685,0.0013490058481693268,700670,5961151,103569,1224743,33.24142742661508
1,6,942941.7550563812,0.08484087121077438,0.0013871751725673676,550593,6551125,113523,1368586,25.4026691775214
1,7,947192.3112869263,0.08446014504837568,0.0014139898121356964,493152,6560153,113296,1351264,22.32104342557393
1,8,933468.3418273926,0.08570188876827789,0.0013846829533576965,468138,6537776,101311,1344432,21.637322772948448
1,9,957686.4540576935,0.08353464712907029,0.0014344528317451477,538227,5961505,87345,1201711,24.013705600966002
1,10,951766.9677734375,0.0840541883767535,0.0014923624694347382,482528,6565199,105437,1366704,20.693224757720614
5,1,192121.41633033752,0.08328066857725674,0.0013790242373943329,488587,6550806,107258,1363271,22.675140256478645
5,2,196727.36525535583,0.08133083050866716,0.001498676836490631,475357,6565339,97777,1359183,20.299805307753672
5,3,193268.0606842041,0.08278657085582113,0.0012566298246383667,546279,5990192,87631,1224531,27.82192123289874
5,4,194089.8597240448,0.08243604288626234,0.001382138580083847,476666,6542806,99685,1350111,22.072044322899465
5,5,194530.9340953827,0.08224912955054674,0.0014584511518478394,474443,6562908,102616,1372543,20.81958793171012
5,6,189375.1323223114,0.08448838981017016,0.001383129507303238,479949,6556573,102258,1358777,22.208141636635368
5,7,187861.91940307617,0.0851689371152992,0.0014996007084846497,507358,5980124,85171,1218721,21.653038583058514
5,8,186527.5204181671,0.0857782270633865,0.0014377124607563019,460028,6568163,95870,1372965,20.478219952626883
5,9,187616.79530143738,0.08528021158390088,0.0013115480542182922,506560,6093434,88008,1224116,24.71875879479143
5,10,203159.45148468018,0.07875587319749446,0.001426704227924347,516760,6560246,102181,1364068,23.18114669647823
10,1,94436.10906600952,0.08471335889546351,0.0014153383672237396,572331,5976837,90275,1231556,25.880160425418318
10,2,92314.92877006531,0.08665987296514209,0.0014363490045070648,509839,6528783,101160,1355409,22.717108375201654
10,3,91895.08855342865,0.08705579510213679,0.0013735294342041016,607323,6579972,103384,1375392,28.298390287152923
10,4,93930.95970153809,0.0851689371152992,0.0014570727944374084,514796,6562046,100275,1370912,22.611735066209352
10,5,99721.17841243744,0.08022368094080026,0.0014504790306091309,565570,5960413,86824,1223745,24.954845424272857
10,6,94440.95194339752,0.08470901484342025,0.001407422125339508,489404,6582890,101808,1365067,22.254770218596875
10,7,93883.27598571777,0.08521219478128372,0.0013693273067474365,487950,6579731,101610,1362473,22.80594263045683
10,8,87692.21603870392,0.09122816552462436,0.0014611035585403442,535504,6572649,99787,1363217,23.456418129758234
10,9,96188.485622406,0.08317003795448559,0.0014155544340610504,655793,6031565,95920,1254915,29.649691308296152
10,10,96185.13286113739,0.08317293704370728,0.0013696439564228058,486373,6570602,99704,1361665,22.726980872677906
50,1,18960.01398563385,0.08438812340604455,0.0013019070029258728,494462,6556309,102427,1360958,24.30708793245643
50,2,17526.00073814392,0.09129293236406921,0.0013696886599063873,487543,6606662,102959,1372343,22.780908474581796
50,3,18550.30655860901,0.08625194386652636,0.0014127492904663086,507375,5954353,85418,1210449,22.984969958315755
50,4,19313.17150592804,0.08284501587473043,0.001445278525352478,497159,6159952,92713,1248444,22.015255497026157
50,5,18686.13064289093,0.08562500340907732,0.001402243971824646,546886,6570105,102325,1360087,24.960495251376216
50,6,18805.265426635742,0.08508255340729001,0.0013644173741340637,482908,6554582,102261,1354529,22.6515086848808
50,7,19539.9671792984,0.08188345381127961,0.0014145076274871826,523694,5949029,91496,1220604,23.694758054815583
50,8,18767.3419713974,0.08525448102552295,0.0014518797397613525,486969,6562163,100587,1359619,21.4659762420287
50,9,19059.553742408752,0.08394740095303992,0.0014589615166187286,559713,6600442,106184,1375338,24.552828564676453
50,10,18882.006406784058,0.08473675760565047,0.0013644769787788391,488491,6568041,104411,1370075,22.912386567327587
75,1,11789.401372273762,0.09025055356095588,0.0014421679079532623,508887,6009764,85382,1217279,22.583201179550507
75,2,11839.121580123901,0.08987153251186265,0.0013791471719741821,505773,6060655,89644,1241851,23.470643784640238
75,3,13103.5844484965,0.08119915616845458,0.0015100687742233276,497531,6568119,106536,1360003,21.086446222541923
75,4,12225.409348805744,0.08703185060252713,0.0013188980519771576,502501,6585174,107871,1382197,24.38404086789643
75,5,12646.66517575582,0.08413285124680396,0.0013900883495807648,526035,5969485,91309,1213186,24.218777180711832
75,6,12595.305840174356,0.08447591614696917,0.0013885125517845154,519310,6289820,100824,1257557,23.93629064230303
75,7,12704.928716023764,0.08374702635348574,0.001293174922466278,494179,6576446,105687,1360786,24.457214140591056
75,8,12265.19544919332,0.08674953484495668,0.0013086684048175812,497594,6562483,104826,1366866,24.33467170351614
75,9,12409.836053848267,0.08573844129633411,0.0013942010700702667,528904,6019973,92500,1229331,24.27903458594677
75,10,12181.252241134644,0.08734734154892534,0.0013459399342536926,560133,6574812,104758,1364752,26.634555590237067
100,1,8810.870349407196,0.09079693245671523,0.0013655126094818115,481029,6569246,98412,1354817,22.545274050367578
100,2,9520.649909973145,0.08402787704250923,0.0014122501015663147,480013,6589389,100160,1378685,21.75311013674404
100,3,8969.493210315704,0.08919121529407367,0.0012176595628261566,519085,5969737,89007,1212360,27.28302804348195
100,4,9223.483502864838,0.08673512559018705,0.001390945166349411,501479,6108566,88739,1227381,23.073990820381265
100,5,9504.221379756927,0.08417312350319645,0.001357387751340866,508717,6558082,98726,1353454,23.985694557681395
100,6,9380.243718624115,0.08528563052275823,0.0014350078999996185,520405,5994352,89955,1225747,23.20957257448468
100,7,9881.705045700073,0.08095768860740406,0.001343168318271637,500447,6397941,98206,1347584,23.845565417455493
100,8,9675.472974777222,0.08268329642235604,0.0014526769518852234,537035,6571194,107139,1353780,23.659933445901885
100,9,9560.547769069672,0.08367721382954267,0.0014170818030834198,498922,6595219,109861,1373253,22.53293206540477
100,10,9811.483323574066,0.08153711050783104,0.001427341252565384,479337,6545250,99619,1352126,21.492805553586223
200,1,4594.475030899048,0.08706108909285505,0.0014338977634906769,658561,6508870,110240,1359861,29.39393942382284
200,2,4659.276455640793,0.08585023958295855,0.0014230906963348389,511972,5971036,88640,1231135,23.024680074424744
200,3,4749.298095703125,0.08422297188755021,0.0014566443860530853,504620,6559264,106620,1368316,22.171286491899494
200,4,4727.542400360107,0.08461055790203618,0.001409236341714859,497104,6578956,105313,1371420,22.575812912464112
200,5,4835.352301597595,0.08272406539391979,0.0013896115124225616,533838,5993721,90529,1213450,24.586462975135962
200,6,4613.455384969711,0.08670290847575328,0.001403219997882843,503087,6572924,107863,1363633,22.94548826882399
200,7,4760.511219501495,0.08402458928389767,0.0013800300657749176,489944,6578409,103000,1367704,22.721545550091093
200,8,4760.231822729111,0.08402952101830077,0.001447834074497223,503800,6291708,92731,1248206,22.26995521651666
200,9,4793.256521224976,0.08345057232567539,0.0013586319983005524,513385,5977586,86597,1213202,24.183620024479623
200,10,4662.498831748962,0.08579090621454481,0.0014257952570915222,491638,6565484,107635,1376402,22.068268107571818
300,1,3128.238022327423,0.08439255520703083,0.0013132989406585693,596935,5987693,92765,1239948,29.089980062606486
300,2,3214.652339617411,0.08212396617402792,0.0013867244124412537,537520,5991367,86964,1223531,24.807582307892307
300,3,3135.825196901957,0.08418836619490754,0.0013596490025520325,580611,6004977,88831,1226942,27.32992406882449
300,4,3200.4465659459433,0.08248848857814646,0.0014478005468845367,494047,6564913,101689,1355708,21.839339726759782
300,5,3166.447083155314,0.08337420240003765,0.001348290592432022,515285,6053924,87265,1224591,24.45929696840386
300,6,3142.505884170532,0.08400938923609465,0.0013573653995990753,489313,6567263,102467,1373166,23.071187765099808
300,7,3116.5157755215964,0.0847099835250523,0.001372355967760086,580269,6012202,87914,1235289,27.06092068853982
300,8,3141.3758794466653,0.0840396087992189,0.001303013414144516,545314,6582358,101101,1371485,26.78414176028526
300,9,3118.9496318499246,0.08464388052442359,0.0014067627489566803,498522,6567215,106050,1369254,22.68002051068136
300,10,3149.223824342092,0.0838301799825716,0.0013696476817131042,497845,6563748,102886,1360188,23.262975161720494
400,1,2511.6652250289917,0.07962844650114205,0.0014056451618671417,589709,5975048,89657,1217621,26.84986013815002
400,2,2551.8983602523804,0.0783730273568655,0.001353330910205841,482328,6578839,101030,1360768,22.80964084039493
400,3,2493.38336288929,0.08021229425716686,0.0013859495520591736,531041,6590062,108515,1380982,24.52226630435747
400,4,2427.8461933135986,0.08237754127539433,0.0013293474912643433,510255,6571010,101065,1358416,24.56567617917611
400,5,2481.3972413539886,0.08059975108655672,0.0013421215116977692,569075,5988346,85905,1215512,27.1367381288212
400,6,2496.149390935898,0.08012340957085612,0.001390647143125534,541530,6554249,104747,1362556,24.922152374401005
400,7,2450.4773318767548,0.08161675172356128,0.00134938582777977,488906,6563578,99503,1350864,23.188315273388778
400,8,2432.6425045728683,0.08221512187838578,0.0013745799660682678,538886,6553597,105692,1356322,25.090358401373017
400,9,2447.0873177051544,0.08172981754797264,0.0013722702860832214,526794,5967757,88086,1211102,24.568640989983052
400,10,2588.3037596940994,0.0772706832615493,0.0012760944664478302,509093,6579053,105470,1368404,25.532554882630258
500,1,1985.0879907608035,0.08060096113859343,0.001275811344385147,511035,6569089,107672,1366203,25.6356397393238
500,2,2030.983567237854,0.07877956404029436,0.0013578273355960846,493197,6633167,103476,1376732,23.246407825589383
500,3,1997.7018237113953,0.08009203280534971,0.0013293027877807617,583065,5970108,90509,1221427,28.071979042711863
500,4,2011.9324326515195,0.07952553346393272,0.0014144927263259888,491744,6586794,102826,1367494,22.249401085111657
500,5,2024.7995853424072,0.07902016632077832,0.0013852305710315704,617818,5991697,88311,1216094,28.544238646534208
500,6,2016.6635513305666,0.07933896553762489,0.0012811869382858276,545024,6048429,93853,1222636,27.225953494866232
500,7,1998.7672567367551,0.08004934014239386,0.0013450346887111664,522671,5973992,87762,1209309,24.869948917119174
500,8,1995.772123336792,0.08016947332268132,0.0013501010835170746,494427,6543191,102423,1346008,23.437747281535167
500,9,1991.5401935577393,0.08033982970445193,0.0013101473450660706,493548,6568843,100853,1357741,24.109556928046953
500,10,1996.9865679740906,0.0801207191705437,0.0013210438191890717,535045,6570191,105467,1366511,25.921078091883537
600,1,1593.859245379766,0.08030822067321365,0.0011945851147174835,593863,5989138,88072,1214160,31.816261170296446
600,2,1618.2040174802144,0.07910003844837508,0.0012391358613967896,563226,6592253,108993,1383296,29.090001446142793
600,3,1598.0564057826996,0.08009729790314121,0.0012846887111663818,501272,6569867,104286,1358758,24.972125715087017
600,4,1614.6525740623474,0.07927401972175437,0.0011878348886966705,508618,6299710,96829,1258529,27.404104989470866
600,5,1635.6135408083599,0.0782580950856761,0.001298602670431137,561457,5946255,89251,1206891,27.670702377402424
600,6,1621.4388112227123,0.07894223273431847,0.001291181892156601,570057,6195894,95260,1259513,28.25600964637373
600,7,1587.7994398276012,0.08061471542898258,0.0013395361602306366,503571,6569351,108626,1341708,24.05948040585258
600,8,1580.1129241784415,0.0810068685860233,0.001247752457857132,535299,6562456,104892,1351508,27.456676830623948
600,9,1605.77396551768,0.07971233981162132,0.0012829042971134186,527025,5983383,88199,1204865,26.2915948414023
600,10,1569.800078868866,0.08153904546382211,0.0012656450271606445,490536,6550941,102526,1345613,24.80498348769257
700,1,1401.9331761768885,0.07988968511710891,0.0013631656765937805,505498,6225000,91494,1228433,23.732898029562673
700,2,1397.0849769456045,0.08016692030062586,0.0013846680521965027,561024,6580673,105653,1366414,25.930789652467933
700,3,1372.9238084384374,0.08157772435120689,0.0012945197522640228,528780,5993895,89043,1215580,26.142451624096804
700,4,1396.462321281433,0.08020266518700316,0.0013630837202072144,498264,6554645,103710,1362342,23.394671601794414
700,5,1409.3465038708277,0.07946945601552735,0.0012945272028446198,494750,6581976,103454,1362638,24.459895420058302
700,6,1425.455723490034,0.07857136363785701,0.0012561678886413574,486302,6560533,100139,1358867,24.776407900111412
700,7,1409.3518257141113,0.07946915593148658,0.0012693442404270172,518664,5990350,87604,1212962,26.150901341651114
700,8,1430.069761616843,0.07831785763610043,0.0013156011700630188,476755,6557735,97887,1348875,23.19268232221048
700,9,1404.7218220574516,0.07973108856240102,0.001304376870393753,484971,6560175,99118,1344700,23.795380541078206
700,10,1417.5368206841606,0.07901029332412282,0.001353047788143158,482474,6549092,99339,1344731,22.821319594613566
800,1,1221.4388698339462,0.07859582855182194,0.0012620501220226288,529937,5971492,86902,1202939,26.87370921976099
800,2,1198.8496407866478,0.08007676420289686,0.0012458525598049164,484116,6550352,101704,1340724,24.869254195577994
800,3,1191.2407353520393,0.08058824480312099,0.001439213752746582,487562,6584315,101486,1351078,21.681260299556367
800,4,1204.4422328472137,0.07970494340194548,0.0012552142143249512,479246,6549567,98552,1342791,24.43546579537034
800,5,1219.7764590382576,0.0787029453541774,0.0012451224029064178,520095,5974417,85351,1202578,26.733178940722787
800,6,1214.0581384301186,0.07907364314870145,0.0012567974627017975,498203,6584052,103516,1354173,25.370032122324076
800,7,1198.4258890151978,0.08010507857009636,0.00134996697306633,523233,5994334,87520,1211504,24.80572685710781
800,8,1217.3084542155266,0.07886250988198841,0.0013280846178531647,501955,6561506,106250,1359581,24.189061124681896
800,9,1216.614618897438,0.07890748517143448,0.0012739449739456177,529437,5975897,89230,1201884,26.597669988096712
800,10,1203.613355755806,0.079759832790919,0.001305859535932541,522291,6558452,100058,1349966,25.597411574690813
900,1,1095.9638489617241,0.08029461928271445,0.0013643205165863037,490975,6565001,101679,1352824,23.031538130513994
900,2,1110.4469497998555,0.07924736973329605,0.0012959875166416168,489171,6559117,101892,1344178,24.156825276471704
900,3,1101.8415292104085,0.07986629444168958,0.0013414770364761353,517666,5981336,86427,1211924,24.697123468493594
900,4,1088.9520247777302,0.08081164091499989,0.0013235211372375488,489627,6567667,99886,1356946,23.67633362124062
900,5,1107.8309681680469,0.07943450086570543,0.0013909600675106049,550369,6541391,102031,1350324,25.323240273201765
900,6,1096.3777701059978,0.080264305241698,0.001288246363401413,630168,6573839,107618,1363640,31.306707432507675
900,7,1106.431914700402,0.07953494366061241,0.0013219676911830902,525633,5984158,86852,1213654,25.447302702151173
900,8,1130.9815777672661,0.07780851760090178,0.001352064311504364,529999,6569294,104176,1352482,25.087516704186385
900,9,1105.6785782178242,0.0795891335272515,0.0013589821755886078,485836,6545156,98317,1343371,22.879993982652977
900,10,1119.4911268022327,0.07860714381128449,0.0013559311628341675,505947,6204588,93755,1237246,23.880716726296082
1000,1,999.5885193347931,0.0800329320040995,0.0013520456850528717,537563,5987194,91780,1213882,25.445909395180408
1000,2,1007.2737932205199,0.07942229862271995,0.0013854652643203735,481186,6565826,100431,1351626,22.2278427276967
1000,3,1010.3732347488404,0.07917866116068137,0.0013532303273677826,532203,6551817,103718,1363206,25.170136458775108
1000,4,1013.5099291801453,0.07893361248538937,0.001313280314207077,499341,6388898,100770,1304073,24.334350903063118
1000,5,1018.9749300479889,0.07851027306062612,0.0013695694506168365,524336,5973746,87164,1202496,24.50222877334635
1000,6,999.6257722377776,0.08002994942888554,0.001313231885433197,505241,6281063,92506,1235093,24.62278319516548
1000,7,998.2548654079436,0.08013985483287121,0.0013694241642951965,498384,6568073,106134,1350186,23.291962294543165
1000,8,1001.4623403549193,0.07988318359694675,0.0014678947627544403,550001,6581800,98581,1342322,23.97996429522551
1000,9,1005.1131248474121,0.0795930308960446,0.001430656760931015,549013,5997133,86383,1209668,24.559931466115138
1000,10,1008.2870721817018,0.07934248311534767,0.0014456361532211304,487952,6553275,101189,1342851,21.60220462833368
1500,1,596.2649981180826,0.08050111972276833,0.0012629218399524689,543916,6586981,101593,1361109,27.563561654227254
1500,2,601.0135014851888,0.07986509434710744,0.0011755041778087616,479589,6561686,99395,1341678,26.111090525612273
1500,3,607.6122323671977,0.07899775126810187,0.0011765845119953156,509204,5957917,82397,1193816,27.69801545724388
1500,4,568.3600902557373,0.08445350196633633,0.0012098737061023712,495646,6592429,104930,1371723,26.218723359309006
1500,5,609.6909443537394,0.07872841223003413,0.0012160837650299072,504204,6591493,106699,1364675,26.535224733640288
1500,6,600.9538968404133,0.0798730156379145,0.0012095458805561066,504563,6589503,104898,1344470,26.697649522110943
1500,7,602.7668714523315,0.0796327772366567,0.0011943131685256958,527833,5971187,86942,1206530,28.285137341071852
1500,8,601.9348899523418,0.07974284395410343,0.0011773370206356049,492532,6560062,99906,1340649,26.774022601431746
1500,9,604.8058470090231,0.07936431209681062,0.0012159459292888641,497847,6142989,87921,1214840,26.20363885640404
1500,10,602.9481689135233,0.07960883285621902,0.0011586323380470276,481198,6546190,99138,1351411,26.58019372384374
2000,1,505.75844943523407,0.07908913839139385,0.0013177953660488129,524089,6005202,88726,1218468,25.452886589341347
2000,2,476.52795910835266,0.08394051017456632,0.0013374537229537964,503348,6607878,103900,1361621,24.086270386128994
2000,3,502.31441855430603,0.07963139922426005,0.0013844594359397888,529526,6614551,104379,1371313,24.47862546221534
2000,4,543.1622266769409,0.0736428235165016,0.0012704730033874512,503839,6538403,104408,1351974,25.380858872265353
2000,5,508.0252885818482,0.07873623793740651,0.001356668770313263,532975,5934239,90809,1221636,25.14276199644789
2000,6,505.9819668531418,0.07905420078263335,0.001277197152376175,488907,6542803,100894,1356350,24.498996056940857
2000,7,512.1491849422455,0.07810224281526633,0.0013164244592189789,492846,6547792,102518,1349694,23.960466382335095
2000,8,497.64290452003485,0.08037892158550734,0.0013210698962211609,483338,6551626,100788,1364813,23.415590718162413
2000,9,495.1152950525284,0.08078926342955386,0.001384187489748001,588463,5969376,87300,1211992,27.20847593186708
2000,10,513.3356899023056,0.07792172020537383,0.0013448521494865417,577968,6228056,94409,1245226,27.50484654697737
3000,1,304.8330545425415,0.07873161929901744,0.0011979378759860992,496050,6569570,103712,1362288,26.501541220463416
3000,2,297.3613639672597,0.08070987999181516,0.00116816908121109,530377,6594495,104634,1356297,29.057547016060973
3000,3,301.3064463933309,0.07965312487430144,0.0011596009135246277,550726,5973224,90860,1207408,30.395339973360095
3000,4,295.0442334016164,0.08134373521996961,0.00127347931265831,499207,6575198,105003,1362843,25.088156267971016
3000,5,303.3590813477834,0.07911416362869786,0.0011956393718719482,492125,6592692,101698,1352779,26.342391143149133
3000,6,296.07986410458886,0.08105921040115754,0.001206960529088974,490089,6551959,99557,1341095,25.98734195862655
3000,7,302.614023288091,0.07930894853855402,0.0011644624173641205,590798,5979277,87433,1217786,32.47083927842792
3000,8,300.6358941396078,0.07983078690149688,0.0012164488434791565,555157,6579189,101475,1359681,29.208008368342696
3000,9,300.3440797328949,0.07990835052032298,0.0011737234890460968,529572,6237078,98185,1250395,28.876143586037493
3000,10,299.9504407246908,0.0800132179903292,0.0011912696063518524,553722,6571925,106574,1362410,29.748268411317966
4000,1,201.20665431022644,0.07952023284145822,0.0011010169982910156,535036,6004563,88819,1210879,31.100613390302296
4000,2,198.91001284122467,0.08043838402831753,0.0010431557893753052,500399,6588599,104544,1359611,30.700626240284322
4000,3,198.0280503630638,0.08079663447004434,0.0010785125195980072,626758,6598492,104263,1358242,37.19243983829793
4000,4,201.81573927402496,0.0792802387839297,0.0010821372270584106,507545,6340093,97066,1258175,30.017339010042825
4000,5,199.9521628022194,0.08001913945700219,0.0010864399373531342,608402,6003432,92366,1223709,35.83974287144027
4000,6,196.41313701868057,0.08146094626286766,0.0010732486844062805,495012,6583322,99894,1355263,29.51857147397833
4000,7,196.3311806321144,0.08149495127817125,0.001032508909702301,498436,6563851,102022,1347166,30.895524193779174
4000,8,200.4224807024002,0.07983136394643173,0.0010758303105831146,502449,6593215,103637,1370168,29.890156173951457
4000,9,198.68649542331696,0.08052887523085434,0.0010988004505634308,529004,5990845,87475,1205740,30.812015032064796
4000,10,199.95775073766708,0.08001690327568782,0.0010377690196037292,487421,6565698,98501,1353163,30.05962156387338
5000,1,199.44608211517334,0.08022218250825575,0.001312442123889923,500749,6660268,104557,1395792,24.418551810127607
5000,2,197.5618302822113,0.08098730396020562,0.0014036595821380615,490543,6588906,101282,1359824,22.36635748404136
5000,3,198.85525107383728,0.08046053555839475,0.0013977065682411194,523700,6023411,88319,1212865,23.979854399752664
5000,4,201.30276679992676,0.0794822657152163,0.0013671405613422394,501940,6591436,104027,1363381,23.497335174125
5000,5,195.29610872268677,0.08192687557702139,0.0013391152024269104,491252,6602299,100911,1363953,23.478284723390715
5000,6,198.4812319278717,0.08061215584259583,0.0013354234397411346,562939,6623826,102119,1354104,26.978780608331896
5000,7,197.88742065429688,0.0808540530120482,0.001337159425020218,517569,5980888,83073,1196286,24.77222639289938
5000,8,198.9208161830902,0.08043401543895395,0.0012850947678089142,532571,6624870,105748,1374911,26.522980914562535
5000,9,202.2765576839447,0.0790996256966161,0.0012862645089626312,518569,6587874,100293,1358371,25.802170369115107
5000,10,199.28738474845886,0.08028606537335642,0.001265890896320343,553476,6612818,104997,1368161,27.982240888977913
6000,1,98.3097900946935,0.08137541533039871,0.0008108504116535187,588956,6033859,91597,1237993,46.485989842608014
6000,2,99.81729090213776,0.08014643482804307,0.0007741972804069519,496562,6611197,101377,1357506,41.04892745592578
6000,3,100.25004545847575,0.07980046256750731,0.000775068998336792,505805,6594901,103543,1356382,41.765984795502746
6000,4,97.58832554022472,0.08197701882590964,0.00078597292304039,523397,6613323,103994,1369770,42.619035615656465
6000,5,98.9772379398346,0.08082666445857954,0.000760938972234726,544069,6023486,91142,1219934,45.759801075425784
6000,6,99.21627740065257,0.08063193066289526,0.0008153058588504791,540190,6626797,108215,1371697,42.40391458580242
6000,7,100.10103384653726,0.07991925450305165,0.0007782615721225739,502919,6595775,104161,1358265,41.35732400639547
6000,8,99.08465047677358,0.08073904445850852,0.0007723532617092133,527879,6639456,104445,1363138,43.741973621287805
6000,9,99.1945465405782,0.08064959495255501,0.000789787620306015,641093,6020148,94677,1225481,51.95061424753953
6000,10,99.19020036856334,0.08065312873927277,0.0007769875228404999,511333,6619075,104474,1354574,42.11819500056227
8000,1,99.6752642095089,0.08026063500754493,0.0010323300957679749,586484,6358419,103266,1253555,36.359470826118695
8000,2,99.6994785964489,0.08024114180557956,0.0010352805256843567,515559,6622654,108456,1368447,31.871338426064412
8000,3,99.95419532060623,0.0800366605357559,0.0010575540363788605,574221,6021362,92697,1219469,34.75013354952063
8000,4,98.96978735923767,0.0808327492001355,0.0010898634791374207,517472,6653597,109643,1365751,30.38748305082359
8000,5,100.49482807517052,0.07960608673329905,0.001048743724822998,512783,6635859,108246,1362868,31.292785094412732
8000,6,98.30901399254799,0.08137605774996802,0.0010551027953624725,497454,6597926,102317,1353650,30.174364185114896
8000,7,96.75649926066399,0.0826817842845661,0.0010727718472480774,618096,6548615,105566,1365766,36.87470369536293
8000,8,101.6370952129364,0.07871141912546274,0.000989336520433426,517505,6623463,109226,1372994,33.47730455304538
8000,9,98.11529889702797,0.08153672352765294,0.000977884978055954,566777,6657788,108456,1378831,37.09406404024384
8000,10,100.79983621835709,0.07936520831908937,0.00101480633020401,531317,6641076,105643,1370410,33.50815518973359
10000,1,98.4393060207367,0.08126835024938883,0.0012708716094493866,524188,6042038,86910,1226478,26.397656341174308
10000,2,98.91986846923828,0.08087354061219572,0.0013157464563846588,511047,6676088,107271,1385429,24.858138770801368
10000,3,97.92633354663849,0.08169406236566504,0.0013196580111980438,497015,6679918,101451,1377404,24.103941877428092
10000,4,99.11060333251953,0.08071790233341353,0.0013260990381240845,513376,6677211,111888,1383389,24.776478268530063
10000,5,98.78724813461304,0.0809821120748171,0.0013525821268558502,529173,6050466,87128,1220515,25.038828569120476
10000,6,100.77394545078278,0.0793855987697449,0.001356765627861023,571401,6687848,111028,1412332,26.95356017947849
10000,7,98.20982813835144,0.08145824253688883,0.0012564174830913544,530082,6654201,106114,1387547,27.001572691052157
10000,8,98.90533983707428,0.08088542047556094,0.0013683810830116272,491848,6640501,102896,1377651,23.00402453000918
10000,9,100.76649487018585,0.07939146846683648,0.0012695714831352234,549191,6065561,95359,1240997,27.685108295911785
10000,10,101.10214352607727,0.07912789700582917,0.0013162419199943542,558372,6060825,90448,1238051,27.1498783446688
15000,1,101.63163145383199,0.07871565068434569,0.0020283758640289307,535354,6113259,92667,1243666,16.891670132548626
15000,2,98.30320874849956,0.08138086337005869,0.002008330076932907,541957,6097042,93242,1232323,17.270690908025845
15000,3,98.67697954177856,0.08107260717899156,0.0020340420305728912,543563,6119759,93360,1248640,17.102907155857487
15000,4,98.54560097058614,0.08118069118466117,0.0019676536321640015,502523,6732062,105611,1394743,16.34508811626018
15000,5,96.57368063926697,0.08283830487814287,0.0019808225333690643,492363,6721411,102886,1393341,15.908155056376707
15000,6,98.71696432431538,0.08103976914968287,0.0019774772226810455,563875,6195306,93037,1241868,18.249514879909576
15000,7,98.9745060602824,0.08082889542411499,0.002004951238632202,542040,6099609,92592,1236346,17.302445731132217
15000,8,100.36701957384744,0.07970745802722384,0.001903977245092392,508327,6735900,111394,1427626,17.086826055224897
15000,9,100.5267103513082,0.0795808394807967,0.002007298171520233,542986,6713562,108732,1385931,17.312377649246375
15000,10,98.99064898490906,0.08081571423195322,0.002021588385105133,525297,6721132,113603,1394033,16.629996614395683
20000,1,98.76322001218796,0.08100181422813829,0.0024197064340114594,547060,6137627,94059,1240490,14.469457744076978
20000,2,98.12358766794205,0.08152983589504116,0.0025482848286628723,515771,6765647,110197,1394884,12.9535535544198
20000,3,99.13723915815353,0.08069621534686484,0.002500820904970169,525431,6774240,112094,1397786,13.446618241701369
20000,4,97.12353348731995,0.08236932608145324,0.002530466765165329,618808,6777295,113471,1415225,15.650753665366743
20000,5,98.27576577663422,0.08140358853252568,0.002596404403448105,627440,6163704,98796,1255631,15.466065281152423
20000,6,99.09160435199738,0.08073337849674997,0.0025163479149341583,523242,6790754,115143,1411904,13.3079721612646
20000,7,96.72027081251144,0.08271275434606355,0.002597186714410782,501145,6753461,105811,1398712,12.349239206422014
20000,8,98.50244969129562,0.08121625426648589,0.002578362822532654,514559,6754300,110335,1399035,12.77235915450101
20000,9,99.00908917188644,0.0808006625140391,0.0026265494525432587,537536,6509067,105687,1375185,13.097908347656897
20000,10,95.92734277248383,0.08339645161415594,0.0026383623480796814,526756,6771726,115676,1401611,12.777768764225046
25000,1,98.35585951805115,0.08133729946746862,0.003094162791967392,570675,6802540,108377,1419039,11.803903820062775
25000,2,99.49088096618652,0.08040937945578068,0.003164764493703842,522404,6806130,114428,1423575,10.564405682165344
25000,3,99.7789204120636,0.0801772555461802,0.0031553879380226135,572790,6243245,97554,1281452,11.617766410989331
25000,4,93.17904710769653,0.08585621175921217,0.003087453544139862,555170,6305161,104623,1280302,11.50815048454392
25000,5,98.58578443527222,0.08114760201814396,0.003048621118068695,520325,6810263,114204,1401070,10.923233393166315
25000,6,97.51617908477783,0.08203766877540417,0.0031549520790576935,517998,6813358,114986,1414769,10.507884484223814
25000,7,98.76072406768799,0.08100386135805375,0.0034361593425273895,546353,6250382,97606,1276237,10.176068253657036
25000,8,99.30744767189026,0.0805579056510629,0.0030864812433719635,499991,6807659,104768,1398688,10.367606823698305
25000,9,98.04263710975647,0.08159715238018522,0.0030194297432899475,533074,6352924,99901,1290531,11.299066015964547
25000,10,99.03237223625183,0.08078166582655602,0.0032148100435733795,587357,6811103,109722,1414460,11.693023068391435
30000,1,100.24135311444601,0.07980738239702694,0.003682635724544525,547099,6235923,97124,1273374,9.507955339332575
30000,2,99.45717950661977,0.08043662649278656,0.0035659000277519226,546647,6881448,123640,1443397,9.811101749270328
30000,3,99.96853768825531,0.08002517777090452,0.0037531666457653046,629613,6887263,116009,1422925,10.736329026440934
30000,4,99.1426408290863,0.08069181870786897,0.0035807639360427856,528215,6856101,116142,1428973,9.440935119939743
30000,5,100.37235915660858,0.0797032177705198,0.0037508048117160797,558842,6269724,97197,1257120,9.535523653025358
30000,6,99.92395838101706,0.08006087958901148,0.0036460161209106445,580001,6881855,113436,1429467,10.180992834098806
30000,7,99.3372251590093,0.08053375748310247,0.0036818794906139374,512054,6860631,108028,1420609,8.900741070842463
30000,8,98.84474178155264,0.08093500833539573,0.003652624785900116,513497,6847348,110179,1412443,8.997312871242912
30000,9,98.5534240802129,0.08117424711178758,0.003794543445110321,570164,6274777,105925,1281533,9.616570880752978
30000,10,99.73123669624329,0.08021559007000006,0.003785073757171631,504799,6851860,106307,1420402,8.535404611016425
35000,1,98.71561612401689,0.08104087594357474,0.004198390990495682,507565,6515366,95470,1304031,7.737287945200351
35000,2,86.61757622446333,0.09236000761864505,0.004436511546373367,535268,6908129,107535,1442106,7.721641573998283
35000,3,99.36466813087463,0.08051151531511266,0.004376109689474106,549777,6312029,104207,1302658,8.040412717403436
35000,4,95.70888110569545,0.0835868093700234,0.004430998116731644,518321,6917392,114163,1441816,7.486472150538502
35000,5,87.22075394221716,0.09172128923925511,0.004169020801782608,514897,6915154,116908,1437894,7.904352020961286
35000,6,97.93373090880259,0.08168789165655013,0.004229351878166199,498176,6920546,108529,1438450,7.538569719061598
35000,7,103.15094675336566,0.0775562440461941,0.004424352198839188,584358,6319459,103731,1296560,8.452969004097891
35000,8,91.25439184052604,0.08766701348446447,0.004304122179746628,640016,6959662,113740,1442311,9.516696387650239
35000,9,97.77013744626727,0.08182457557039498,0.004409968852996826,570661,6928324,127171,1448767,8.281760079820293
35000,10,86.31210241998946,0.09268688602986966,0.004247747361660004,533138,6903270,118196,1437665,8.03268864527426
40000,1,99.53007102012634,0.08037771819114135,0.00495510920882225,525941,6926396,111906,1437590,6.793033731743018
40000,2,87.97841146588326,0.0909313985863712,0.00514625757932663,522647,6989126,118848,1475543,6.499753944375388
40000,3,89.64119479060173,0.08924468285689055,0.004961516708135605,581336,6990546,112400,1476525,7.498816629800438
40000,4,89.54284712672234,0.08934270303777905,0.005040988326072693,612362,6972406,113792,1465123,7.7745008448636606
40000,5,87.68225088715553,0.09123853367194877,0.005237866193056107,528538,6970988,114852,1462812,6.458055771803421
40000,6,89.12421762943268,0.08976235879301624,0.005536191165447235,516070,6985168,109701,1456973,5.965921156433158
40000,7,90.50406515598297,0.08839381950647267,0.005084335803985596,535237,6992691,121021,1487029,6.737392910426466
40000,8,91.99222549796104,0.08696387066075835,0.0049767568707466125,524543,6992624,116234,1470763,6.745507741663844
40000,9,87.71028369665146,0.09120937320951132,0.005307961255311966,512652,6982511,112510,1466855,6.181229745632661
40000,10,91.03324264287949,0.08787998502243564,0.004852086305618286,600802,7001541,120555,1478592,7.92469992866301
50000,1,92.29779243469238,0.0866759625443978,0.00597057119011879,530436,7088547,114430,1506179,5.68587207471595
50000,2,85.39199829101562,0.09368559303104758,0.006249576807022095,516936,7082560,112242,1518004,5.293783086692614
50000,3,87.38391101360321,0.09155003372136349,0.0063895583152771,567557,6464465,101172,1355079,5.684844899709587
50000,4,87.83631026744843,0.09107850700514623,0.006106000393629074,530458,7084684,114569,1501300,5.5599917804496535
50000,5,87.42392063140869,0.09150813578504564,0.006344318389892578,514944,7084716,108884,1512765,5.1946346281271705
50000,6,86.51807904243469,0.09246622311246906,0.006399288773536682,523897,7094789,114729,1518288,5.239552266910651
50000,7,85.30937135219574,0.0937763328131018,0.005814205855131149,523510,7083281,115683,1526042,5.762547944605626
50000,8,85.29484272003174,0.09379230613343023,0.005914214998483658,592047,7063497,115558,1507318,6.4067687782258265
50000,9,86.32108569145203,0.09267724028165464,0.006080422550439835,517996,7080043,107801,1501794,5.452210553623766
50000,10,85.87799966335297,0.09315540687208006,0.006167817860841751,588554,7083965,112019,1509882,6.1070960345867515
60000,1,86.67483925819397,0.09229898859309052,0.0069435760378837585,537043,7187104,114749,1559338,4.950007289107964
60000,2,86.17856850226721,0.09283050460265575,0.006977640092372894,537623,7187680,114411,1559706,4.931161760207508
60000,3,86.31118883689244,0.09268786709818226,0.007062360644340515,529671,7184493,114069,1561189,4.799945189313608
60000,4,86.98565264542897,0.0919691898227126,0.00749409943819046,633392,6549986,98380,1390584,5.409200709750412
60000,5,87.6448427637418,0.09127747563613127,0.006920233368873596,589380,6914485,122823,1453652,5.450729475347118
60000,6,90.75185904900233,0.08815246413498068,0.007012106478214264,588055,7190556,113239,1569902,5.367220266396245
60000,7,85.35794913768768,0.09372296406858958,0.006922174245119095,557218,7179433,130067,1581037,5.151842576795239
60000,8,85.62393486499786,0.09343181918249255,0.006892453879117966,622326,7181877,115047,1568483,5.778618863257006
60000,9,85.83130935827892,0.0932060813217497,0.0076124407351017,552461,7197336,113995,1565163,4.644700068003568
60000,10,86.64652705192566,0.0923291477707554,0.007159523665904999,538596,7190787,118801,1576139,4.814586222286453
75000,1,87.19369769096375,0.09174975040459919,0.008507508784532547,537440,7336457,116091,1679640,4.043035496188433
75000,2,87.21510569254558,0.09172722931967706,0.008628398180007935,551646,7322773,119885,1665665,4.091761096723927
75000,3,86.11222108205159,0.09290202830068964,0.008674517273902893,543035,7314728,118064,1656824,4.006475392533647
75000,4,87.19131350517273,0.09175225923767498,0.008670177310705185,587303,7353667,124599,1673173,4.335250670547457
75000,5,85.95054348309834,0.09307678201677864,0.008392635732889175,538021,7338931,116432,1657154,4.102804541493698
75000,6,86.02718512217204,0.09299385989020507,0.008680541068315506,653642,6819385,119699,1532512,4.819179780473969
75000,7,86.96133891741435,0.09199490370769774,0.008386805653572083,552375,7324679,123438,1666211,4.2151924654344395
75000,8,86.54996752738953,0.09243215484128664,0.008531291037797928,620739,7388300,129647,1696416,4.656656984738654
75000,9,87.43882179260254,0.0914925411389385,0.008694019168615341,596743,7340187,130041,1677790,4.392853438587783
75000,10,88.90147010485332,0.08998726332156867,0.008515257388353348,549298,7324821,118940,1655071,4.128480255697611
90000,1,88.33387659655678,0.09056548074458488,0.010279282927513123,628868,7525573,132129,1789035,3.91540463316512
90000,2,87.033212184906,0.0919189330046056,0.010602131485939026,569294,7489780,128346,1774941,3.436555757521148
90000,3,86.48389743434058,0.09250276915507512,0.010273970663547516,577003,7514303,137712,1801498,3.5943446997588566
90000,4,86.22043662601047,0.09278542666979034,0.010815612971782684,569506,7506972,130109,1784718,3.369978575887631
90000,5,86.3100505537457,0.09268908949390964,0.01058964803814888,621342,7492136,127161,1773505,3.7551661638559293
90000,6,86.57843702369266,0.09240176047311592,0.010495346039533615,648625,7201306,129290,1661320,3.955276924041723
90000,7,86.56142486466302,0.09241992044964409,0.010122749954462051,608665,7509128,144540,1789399,3.848219127731101
90000,8,85.48705114258661,0.09358142423998861,0.010994262993335724,633485,7504268,139762,1788774,3.687654190606096
90000,9,86.94123890664842,0.09201617207905048,0.010105051100254059,607106,7482684,138620,1777418,3.845085355285647
90000,10,86.13963921864827,0.09287245770432817,0.010797087103128433,587321,7496975,132609,1771402,3.481359707574166
100000,1,87.09285408258438,0.09185598616867155,0.011842753738164902,618803,7606023,148703,1878831,3.34410331208464
100000,2,85.97657084465027,0.0930486052351992,0.011517371982336044,617914,7610677,145215,1867641,3.433638859685321
100000,3,86.71917021274567,0.09225180522800008,0.01144436001777649,660272,7143365,133678,1688473,3.692422113107391
100000,4,87.95972913503647,0.09095071208914635,0.012065254151821136,632595,7604638,150269,1862514,3.3555928031477897
100000,5,86.1036404967308,0.0929112863735854,0.0116337351500988,652483,7436138,144487,1846925,3.5894673087555513
100000,6,87.01588958501816,0.09193723167288506,0.011292286217212677,674179,6957419,137312,1682123,3.8209672665071954
100000,7,87.25147694349289,0.09168899232709929,0.01139134168624878,622984,7599046,145040,1844501,3.500112374658274
100000,8,87.0450958609581,0.09190638393665322,0.011390261352062225,668174,6988670,135164,1688855,3.7543595074978384
100000,9,86.25321090221405,0.09275017029881548,0.011356331408023834,607132,7606175,141831,1854449,3.421566930720771
100000,10,87.20085024833679,0.0917422247285093,0.011917032301425934,731873,7622318,155281,1873239,3.9304980313257496
110000,1,86.517564275048,0.09246677327354247,0.012722063809633255,625880,7713763,151779,1936982,3.1485709079425472
110000,2,87.0964066548781,0.09185223945805501,0.012789417058229446,698157,7712959,152052,1944931,3.4936735424738536
110000,3,89.12963623350316,0.08975690172280608,0.01214844360947609,615980,7709334,143809,1932985,3.2450840014805924
110000,4,86.6607508876107,0.0923139935675737,0.01324283704161644,657114,7030495,128118,1732187,3.175701389954329
110000,5,86.95576001297344,0.09200080591333379,0.012763556092977524,682458,7402873,141761,1796741,3.4220331451382227
110000,6,87.16410533948378,0.09178089958982397,0.012470923364162445,674925,7713813,146111,1940105,3.4636729565775033
110000,7,87.23769675601612,0.09170347564739323,0.013182882219552994,686611,7060475,140606,1756492,3.3333457181937884
110000,8,86.28849278796802,0.09271224634387763,0.0123341865837574,645130,7720175,157598,1949249,3.34747003538698
110000,9,87.73075586015528,0.09118808930305095,0.01252354308962822,641910,7697192,156453,1945141,3.280400738511739
110000,10,91.22860025275837,0.08769179816236534,0.012718278914690018,658927,7061685,129876,1738543,3.315804621275507
120000,1,87.03041821718216,0.09192188391001646,0.014268718659877777,623888,7797419,153715,2025025,2.798347416595712
120000,2,87.23847568035126,0.09170265685650719,0.015384256839752197,622363,7821266,154539,2033467,2.589090419829573
120000,3,86.6888090968132,0.09228411467812044,0.013909313827753067,629249,7554602,142211,1990688,2.895321544880664
120000,4,86.94880331556003,0.09200816681703947,0.014809500426054,649716,7574934,158300,1889231,2.8077803304455897
120000,5,86.87976126869519,0.09208128433109065,0.013990763574838638,631272,7823350,160370,2031983,2.887720014986099
120000,6,87.00393761197725,0.09194986134626042,0.014403723180294037,657589,7136128,137832,1805018,2.92186231804136
120000,7,86.31156136592229,0.09268746704840143,0.013637997210025787,628115,7840824,160961,2033578,2.947599957745114
120000,8,85.96961076060931,0.09305613843334447,0.014582917094230652,665490,7817594,158575,2019237,2.9206337610497806
120000,9,86.48006866375604,0.09250686457136005,0.013696126639842987,650034,7492404,145927,1979789,3.0375139697508615
120000,10,86.90711110830307,0.0920523061689446,0.013704352080821991,780924,7470321,156536,1880933,3.6469535885568285
130000,1,87.27088570594788,0.0916686009920347,0.015418510884046555,642092,7912985,166017,2091292,2.6652306639105863
130000,2,86.90944657875941,0.09204983249720972,0.01552143320441246,791405,7255025,147680,1891847,3.263224428630801
130000,3,87.62432978703424,0.09129884381933108,0.015393361449241638,793340,7937637,180306,2121509,3.2984192677747717
130000,4,87.4146819114685,0.09151780713567326,0.015162594616413116,663936,7913445,170089,2102651,2.802416411898503
130000,5,86.79390526734865,0.0921723705755357,0.015886034816503525,679713,7285869,142748,1890543,2.7383568336893895
130000,6,87.13264877979572,0.09181403425732923,0.014691498130559921,637919,7917934,160594,2097506,2.778941646194391
130000,7,87.31538859697488,0.09162187935652348,0.014995839446783066,639324,7928096,162779,2103020,2.7285392155073738
130000,8,86.14518894599034,0.09286647458647618,0.015162639319896698,780770,7269554,145912,1902424,3.295552901164732
130000,9,88.22619341886961,0.09067601910487708,0.014956492930650711,642194,7909524,163561,2099213,2.7479982232848115
130000,10,88.27132674363943,0.09062965625557969,0.01578112691640854,721061,7615183,207497,1944406,2.924246427041746
140000,1,87.44291429008756,0.09148825911108582,0.01642349734902382,709340,7355772,146122,1959327,2.764195654264733
140000,2,86.97318179266794,0.09198237703975112,0.015279527753591537,676372,7760339,158140,2011075,2.8330592867848914
140000,3,86.72592895371574,0.09224461584342872,0.016276277601718903,707228,8032922,186427,2201623,2.780893341068348
140000,4,87.34948933124542,0.0915861107059541,0.017024334520101547,727848,7324845,152884,1960753,2.7362169102702842
140000,5,87.66023176056997,0.09126145162210762,0.016521818935871124,691132,8016582,177362,2185931,2.67721418396405
140000,6,86.81512304714748,0.0921498434743376,0.016047611832618713,679043,7982196,177906,2180611,2.7081133599994502
140000,7,86.57582636390413,0.09240454681164235,0.016589730978012085,722637,7322355,158853,1975168,2.7877949353909237
140000,8,87.87403681448528,0.09103940469799003,0.016330551356077194,670826,8008894,174815,2178478,2.6289904770436983
140000,9,87.4588798199381,0.09147155802213042,0.017942484468221664,750672,8021942,181633,2183481,2.6776117925636242
140000,10,87.00242532151086,0.09195145963387351,0.0163675956428051,669899,7740626,155906,2149893,2.6194156390249312
150000,1,86.57587071259816,0.09240449947719524,0.018400147557258606,669719,7798480,166220,2094848,2.3294387105657486
150000,2,86.82787418365479,0.09213631077824992,0.019223686307668686,692773,8127645,183567,2269228,2.3063980180696646
150000,3,87.65238026777904,0.0912696263987345,0.01780252903699875,745014,7466430,169745,2071142,2.6783214845994894
150000,4,86.68084939320882,0.0922925889167253,0.017700623720884323,699647,8155049,186864,2272121,2.529707919115232
150000,5,86.54090265432993,0.09244183680350984,0.017475221306085587,692623,8121605,182859,2280582,2.5366129117096343
150000,6,86.63967251777649,0.09233645243013335,0.0176248736679554,814748,7464108,169103,2072312,2.958538766425611
150000,7,86.68951690196991,0.09228336119402472,0.017685744911432266,690171,8152579,182893,2280099,2.497545012732113
150000,8,85.57031551996867,0.09349036463624026,0.018737614154815674,682874,7986848,175932,2199168,2.3324173311983714
150000,9,97.9397694269816,0.0816828551548138,0.018490299582481384,736372,7414245,160101,2045051,2.5487855288537995
150000,10,86.95142964522044,0.09200538775085852,0.018365874886512756,794110,8130773,188057,2285754,2.767253959533538
160000,1,86.29553485661745,0.09270468064532231,0.019007422029972076,685738,8228672,187076,2356928,2.308952362440099
160000,2,86.22093591839075,0.09278488936343843,0.018566153943538666,751218,8164178,204603,2364633,2.5895482794233717
160000,3,85.21899580955505,0.09387578349172487,0.018173448741436005,776382,8229073,187216,2347802,2.7341232094659533
160000,4,86.29828225821257,0.0927017292889243,0.01971828192472458,733392,7750538,175313,2151274,2.3803842636586916
160000,5,86.2128334119916,0.09279360952875558,0.01899867132306099,744695,7563266,170047,2137295,2.508621744624252
160000,6,85.06863377988338,0.09404171249182329,0.01879625767469406,739173,8245999,190712,2359240,2.5168346177596224
160000,7,86.89912501722574,0.09206076584101607,0.018658306449651718,730641,7939179,191933,2196803,2.506177295682313
160000,8,86.47805079817772,0.09250902311235462,0.018653355538845062,752360,7577340,172811,2135517,2.5813607583754505
160000,9,86.11783850938082,0.09289596834375446,0.019087031483650208,699086,8246715,188239,2358643,2.3440787027739334
160000,10,86.44913323223591,0.09253996773465498,0.018869001418352127,742303,8252256,195605,2373221,2.5177480750938925
170000,1,89.22374862081864,0.08966222697051482,0.02021997794508934,742254,7663480,171656,2207148,2.349372295509203
170000,2,88.42565995805404,0.09047147630896861,0.020318906754255295,770377,8349956,206583,2449574,2.4265148020168197
170000,3,88.66486742215997,0.09022739482493788,0.02101707085967064,739854,8368874,205616,2450176,2.2529617146060303
170000,4,87.67795036820804,0.09124300883407505,0.020579520612955093,869824,7655104,177468,2205028,2.705055042193537
170000,5,87.49300066162557,0.09143588560803355,0.021359622478485107,729177,8349927,202988,2446478,2.184838615336323
170000,6,88.21697796092315,0.09068549144297036,0.020905151963233948,805677,8366988,208587,2460430,2.4665368656819533
170000,7,87.60166957097896,0.09132246039578079,0.020849119871854782,776418,7650821,181289,2216504,2.3833501032856503
170000,8,87.01557183966916,0.09193756739012675,0.02056271582841873,726751,8367349,198539,2451890,2.2619611333498044
170000,9,87.65673812697915,0.09126508892460994,0.02045631781220436,725273,8335956,200647,2444253,2.269102016605699
170000,10,88.443563264959,0.09045316249904609,0.01976531371474266,796257,7632832,173058,2189352,2.578276709161937
180000,1,86.50159256325828,0.09248384640028022,0.021347224712371826,788528,8498229,201707,2520057,2.364044632497472
180000,2,86.72699332237244,0.09224348375900965,0.02167004719376564,798527,8453988,204351,2531970,2.358357946479362
180000,3,87.05521209372414,0.0918957039744749,0.021503280848264694,817623,7738323,190087,2279713,2.4334831679521516
180000,4,86.17235968510309,0.0928371931467833,0.021575938910245895,747926,8466777,207923,2528800,2.2185483653399194
180000,5,86.4450509349505,0.09254433785943353,0.02088368684053421,754500,8471265,199941,2522740,2.3122354002299708
180000,6,86.88883648978339,0.09207166677782204,0.02070576325058937,817177,7797444,183513,2288758,2.5258343470391678
180000,7,86.69876390033299,0.0922735185613099,0.020880188792943954,767745,7741047,174823,2263977,2.3532201019467998
180000,8,87.36521833472781,0.09156962178414184,0.02076384425163269,797229,7763574,187996,2287181,2.457283698609327
180000,9,87.09604541460672,0.09185262042515575,0.02222396805882454,837372,8468515,221680,2550468,2.4114419107401543
180000,10,86.61393076181412,0.09236389492586101,0.02074824646115303,799086,8162590,195829,2335412,2.4648590952373883
190000,1,86.37218883163051,0.09262240668225727,0.022784534841775894,718360,8604658,203427,2612223,2.0178178013844663
190000,2,86.2335099985725,0.09277135999836295,0.024548232555389404,742434,8553216,208095,2606317,1.9356088424202345
190000,3,86.99584164117512,0.09195841834598219,0.021846052259206772,773245,8580426,220536,2611959,2.2652916606085647
190000,4,86.90339562140014,0.0920562417935023,0.02537715435028076,753133,8588124,213936,2611764,1.8993663093461357
190000,5,85.50456872111873,0.09356225193173899,0.022796273231506348,743918,8572202,208238,2613574,2.0885322577287755
190000,6,86.67515296685067,0.09229865452974323,0.02443506196141243,751499,7836414,168529,2337678,1.9683165148487265
190000,7,86.78479414237174,0.09218204731667488,0.02112986147403717,723316,8578093,194630,2592546,2.190843705098611
190000,8,86.58449116506075,0.09239529957794824,0.02194272354245186,732724,8608506,202251,2610512,2.1371246786787923
190000,9,85.62536616074412,0.0934302573957072,0.024741828441619873,788210,8057877,194775,2416067,2.038872758293901
190000,10,86.64372328080628,0.09233213552091425,0.022921103984117508,744406,8587401,209200,2618464,2.078520477591834
200000,1,85.56917309761047,0.09349161281334623,0.02378702163696289,822732,8712740,221396,2707453,2.213595665889466
200000,2,86.82997897267342,0.09213407736189491,0.024272162467241287,767206,8686273,218212,2693918,2.022942293100954
200000,3,86.70948445796967,0.09226211007952431,0.024943694472312927,753124,8673857,212240,2688110,1.9323495183723125
200000,4,86.6159051656723,0.09236178949695452,0.024026580154895782,790337,8023817,189618,2444869,2.105233773342197
200000,5,86.62881329655647,0.0923480271236499,0.024186041206121445,744934,8403742,199901,2512670,1.9712104016399898
200000,6,86.78175508975983,0.09218527548475443,0.023995008319616318,780880,8698784,205458,2701372,2.0827798571398506
200000,7,85.50934493541718,0.09355702591385978,0.022924430668354034,799438,8689964,197092,2682135,2.2318561686519547
200000,8,85.73174476623535,0.0933143262371901,0.02296680584549904,794896,8729081,209383,2695239,2.215081380590414
200000,9,86.60383522510529,0.09237466192121833,0.023524083197116852,765903,8700860,201564,2700094,2.0837280496443618
200000,10,86.75968274474144,0.09220872814319835,0.023781441152095795,745542,8706100,205359,2699309,2.006383368225564
230000,1,88.10465426548667,0.09080110542053223,0.028540804982185364,843238,9083930,221481,2962707,1.8908798134350215
230000,2,87.04968444679095,0.09190153934320111,0.02747216820716858,755629,9099634,221097,2962010,1.7603363387743414
230000,3,87.72043106348619,0.09119882224712433,0.027427177876234055,807974,8740298,222225,2756141,1.8853684558194215
230000,4,87.4797611132912,0.09144972389258757,0.02646031230688095,792937,9087465,222113,2944536,1.917889986007576
230000,5,86.78523742634317,0.09218157646673264,0.028441760689020157,817674,9087511,218845,2954509,1.8399400997773763
230000,6,86.54999344245248,0.092432127164969,0.028203554451465607,820027,9088481,228160,2955253,1.8608196385428564
230000,7,85.758401647858,0.09328532069487115,0.027748845517635345,805864,9089082,225560,2966157,1.8586465504383642
230000,8,87.2664477514184,0.09167326281904228,0.027686040848493576,781873,9072028,228103,2954011,1.807404398260964
230000,9,87.50057414821957,0.09142797150620503,0.026958327740430832,795466,9091636,233421,2952229,1.888463724092494
230000,10,87.71110164082567,0.09120852264243309,0.026683595031499863,782177,9067928,226934,2936167,1.8760338680340933
270000,1,87.84474598036873,0.0910697607548187,0.033168043941259384,843024,9656491,252279,3283248,1.6266722299196095
270000,2,88.3107935940778,0.09058915308554638,0.03203824535012245,887426,9687649,265169,3310556,1.7727332873360035
270000,3,89.47043507187455,0.0894150117139068,0.03408602625131607,872329,9645248,273969,3325378,1.637886903811336
270000,4,87.63452922856366,0.09128821790249857,0.02994733303785324,881726,9665375,260961,3282605,1.884323519849739
270000,5,86.24256760985763,0.09276161670174568,0.034869808703660965,1009857,9059050,258090,3027661,1.853490179692739
270000,6,86.22660405106015,0.09277879011984168,0.0330604687333107,951714,9044736,257931,3028711,1.8423724264571388
270000,7,86.28434605068631,0.09271670199946272,0.03290267661213875,949699,8930913,254541,3013355,1.8472884962063005
270000,8,86.88033730895431,0.09208067380713865,0.03361009433865547,900215,9658772,280871,3317334,1.7141802525004386
270000,9,87.87098858091566,0.09104256284351725,0.03224761039018631,884906,9677271,272053,3316055,1.7562226569580184
270000,10,87.3256336759638,0.09161113024023762,0.03223205730319023,957459,9654748,262009,3326337,1.9011313929978324
290000,1,87.73307861952946,0.09118567507124038,0.036068663001060486,859325,9888834,195586,3507801,1.5247806662083092
290000,2,88.39851823346368,0.09049925451093774,0.03393178805708885,914052,9948064,273907,3456279,1.7240272720546663
290000,3,89.30670547074284,0.08957893987726179,0.03987114503979683,937477,9388754,238779,3160091,1.5048107582592198
290000,4,89.06984123690376,0.08981715796171656,0.03535603731870651,865793,9899515,264567,3495411,1.5672217873433103
290000,5,89.06106753595945,0.08982600614763468,0.03528480604290962,822598,9898287,256271,3493672,1.4920380159090918
290000,6,88.4850348891883,0.09041076844257982,0.03399244323372841,823633,9882067,254555,3493354,1.5507126580326809
290000,7,88.30676047966399,0.09059329044056946,0.03468343988060951,882211,9940396,281940,3496881,1.6279095785872717
290000,8,88.42207748314429,0.09047514181653357,0.03775481879711151,876987,9603561,271640,3314312,1.4866226295938174
290000,9,86.0378274629856,0.09298235713171263,0.03427581489086151,901563,9602009,283522,3281718,1.6834036530925414
290000,10,88.36301236317077,0.09053561876229514,0.032279931008815765,881763,9864319,259221,3447612,1.7482327327337839
300000,1,88.79406998554866,0.09009610665782083,0.035081490874290466,935293,10014645,267238,3562821,1.7062773134270526
300000,2,89.91726984580357,0.08897067286094162,0.03488369658589363,932611,9983899,256120,3586628,1.711031508746021
300000,3,87.65341093142827,0.0912685532141863,0.03557373955845833,941124,10035756,275394,3558783,1.6931572769014307
300000,4,88.79719922939935,0.09009293164002548,0.036470718681812286,947202,10027864,251128,3605503,1.6621807902631562
300000,5,92.47961143652599,0.08650555377269135,0.03869839757680893,929588,10059486,297477,3579682,1.537366809101501
300000,6,91.87066306670508,0.08707894046863897,0.03453071787953377,956407,10018612,267116,3522372,1.7726259909666975
300000,7,87.75522311528525,0.09116266492183936,0.03782610967755318,977837,9327348,272847,3252052,1.6544542521944106
300000,8,88.36792161067326,0.09053058908917172,0.034738555550575256,924242,10077998,274415,3525559,1.702761875458016
300000,9,89.40850694974264,0.08947694434151413,0.03809095546603203,901959,10091647,287657,3583579,1.5154614866901188
300000,10,91.22555454572041,0.08769472588944976,0.03750164061784744,918497,10091481,295480,3602970,1.567499635523256
325000,1,90.16630741266104,0.08872493761318931,0.03896641358733177,860489,10396355,218197,3840386,1.4133016341515203
325000,2,89.81555700302124,0.08907142890324551,0.038103893399238586,889230,10392151,280733,3813670,1.4935670589803094
325000,3,91.90370257084186,0.08704763547293846,0.04085051268339157,873380,10396460,213689,3823763,1.368313794081844
325000,4,91.65610258395856,0.08728278613714634,0.038733046501874924,875620,10354648,250800,3818847,1.4468182872547173
325000,5,91.97974434265723,0.08697567118905176,0.04060566425323486,930065,10420615,301091,3838972,1.4659078011575193
325000,6,90.0184649687547,0.08887065562356335,0.03712055832147598,994998,9551855,258500,3408625,1.7154879904691038
325000,7,89.1772027199085,0.08970902602907087,0.03999655693769455,970310,10026205,310265,3530942,1.552629645015127
325000,8,86.6929728251237,0.0922796824159846,0.04093493893742561,957926,10400307,243940,3836603,1.4976757164268926
325000,9,87.75620506359981,0.09116164485693219,0.03758305311203003,942512,10452979,303420,3812275,1.6049991420386178
325000,10,89.79491316355191,0.08909190641377256,0.041086647659540176,939055,9536842,200831,3470235,1.4627506361192526
350000,1,87.4773200069155,0.09145227585124421,0.0425490140914917,942415,10698896,235886,4072459,1.4175313174191921
350000,2,90.20332779203143,0.08868852398045032,0.04467679187655449,963639,9918367,223196,3673174,1.3804235579494402
350000,3,85.33203176089695,0.09375142997199754,0.04340013116598129,983409,9918120,251255,3703865,1.4501840042670975
350000,4,88.24461272784642,0.09065709228814514,0.044205695390701294,991786,9876273,267462,3670892,1.4358852052659232
350000,5,89.48574108736857,0.0893997177962607,0.040352459996938705,982177,9859399,247813,3694493,1.5577570241013499
350000,6,89.08467633383614,0.08980220088605115,0.04409980773925781,1059164,9944220,299193,3657408,1.5371154541260326
350000,7,89.58929351397923,0.08929638449210123,0.042538631707429886,1068103,9932747,302036,3663468,1.6069767469286123
350000,8,89.58679224763598,0.08929887765024988,0.04207542538642883,961177,9852351,206625,3662356,1.4620250998066293
350000,9,86.28508874348232,0.0927159039470107,0.04325830563902855,895150,10677382,273628,4067130,1.324360701458268
350000,10,89.34259414672852,0.08954295626184186,0.041226621717214584,1046981,9926832,288386,3609293,1.6253280334153757
375000,1,91.26670161883037,0.08765518922127259,0.04633769020438194,1027540,11170586,347586,4318262,1.4192023752142298
375000,2,91.34131669998169,0.08758358527145695,0.04576817527413368,1082353,10224310,261498,3801701,1.5135100227416962
375000,3,89.4705057144165,0.08941494111518081,0.04478340595960617,955118,11129701,246633,4328440,1.3649598705184673
375000,4,89.49234088261922,0.0893931248316885,0.04516078531742096,1172842,10208871,391376,3904014,1.6621032489230112
375000,5,86.84228857358296,0.09212101766780895,0.04552615433931351,932647,11034755,274203,4306150,1.3111014726859107
375000,6,91.3928250471751,0.08753422378475077,0.0424354262650013,1012185,10227263,274476,3756136,1.5265509434372597
375000,7,89.7890826066335,0.08909769169875636,0.042770370841026306,968007,11122795,314762,4261221,1.4484898489721256
375000,8,86.6714318593343,0.09230261723359794,0.043589748442173004,1007739,10177849,255510,3905190,1.479597802349346
375000,9,89.9193783601125,0.08896858659277312,0.04498722404241562,1020786,10613642,300884,3931286,1.45219682677918
375000,10,90.00899394353232,0.08888000686930074,0.046524472534656525,1039086,10229497,271017,3882601,1.4293875970428764
400000,1,91.01931937038898,0.08789342806932277,0.04723667725920677,975610,11457054,246522,4577313,1.321833871958684
400000,2,90.75759910047054,0.08814688884777389,0.04754352197051048,997846,11269314,304303,4539212,1.3432354472941943
400000,3,94.88432668149471,0.08431318722273486,0.04814550280570984,1154057,10959155,348887,4167123,1.5340923595306306
400000,4,88.32327090203762,0.09057635567950235,0.04871587082743645,1187201,10549504,362154,4086924,1.5596737307466562
400000,5,90.78919887542725,0.08811620874611834,0.04599827527999878,1042845,10791135,236165,4076933,1.4509691851211899
400000,6,93.30814704298973,0.08573742222438702,0.049602046608924866,1095202,10543360,305555,4098625,1.413105563014979
400000,7,96.18468582630157,0.08317332360420739,0.04708860069513321,1136184,10617973,253380,4102467,1.5442331036928745
400000,8,90.48393927514553,0.08841348049263667,0.056804824620485306,1149989,10580046,324633,3960740,1.2956522001734718
400000,9,90.63420817255974,0.08826689349752677,0.0493452325463295,1061860,10615056,232601,4120074,1.3772159232646086
400000,10,90.19877761602402,0.08869299797006097,0.05066666379570961,1121200,10611515,320695,4081073,1.4162527118289616
410000,1,90.65936433105934,0.0882424012017835,0.04980843514204025,1024395,11299490,254204,4627076,1.316268616210023
410000,2,92.41130475590869,0.08656949516220837,0.04851612448692322,1109655,10654217,284973,4184408,1.4638003499051495
410000,3,92.63140581003049,0.08636379778588796,0.05246927961707115,1061039,11644325,338321,4649409,1.2942143764044793
410000,4,92.7738936209097,0.08623115499161212,0.05321798846125603,1171997,10701500,350449,4120356,1.409444628945483
410000,5,93.74633067991675,0.08533667336074026,0.05104123055934906,974505,11550397,252187,4640845,1.2219203831200773
410000,6,92.15890270907705,0.08680658910679556,0.04899154230952263,1093090,10680354,282804,4193895,1.4279558614018588
410000,7,91.26740439635951,0.08765451425853309,0.049672722816467285,1082332,11646892,361008,4648854,1.3945128044608852
410000,8,90.3183548915677,0.08857557259102486,0.04797009378671646,1066859,10619393,245029,4171850,1.4233654889977998
410000,9,92.7573478803402,0.08624653661206703,0.04817652329802513,998952,11589872,315448,4642465,1.3270556616239007
410000,10,92.74888874554053,0.08625440270177523,0.04597175121307373,1043414,10662644,266766,4015924,1.4525984814128448
425000,1,92.5930282648872,0.0863995934673813,0.05170900374650955,1027457,11812723,336631,4798696,1.2716788805748114
425000,2,96.98318207965178,0.08248852871655254,0.05204734578728676,1135213,10857288,302802,4322639,1.3959142565488247
425000,3,94.58889856058009,0.0845765213649924,0.05371879041194916,1165347,11883400,379373,4805122,1.3883821178410227
425000,4,98.15330014509313,0.08150515559002257,0.04875411465764046,1082165,10904860,263452,4185565,1.4205685096805714
425000,5,94.35550254933975,0.08478572827076718,0.0520702488720417,1083365,11854971,345251,4797657,1.3315734320837582
425000,6,94.68223242198721,0.08449314929906777,0.05019262060523033,1039489,10863697,245630,4330772,1.3254397797485695
425000,7,93.08634435429292,0.0859417141740088,0.05356769263744354,1067082,10802239,271740,4023368,1.2748962039903762
425000,8,94.36735335518331,0.08477508074099847,0.04998915642499924,1104633,10864973,237594,4332695,1.4142369476882222
425000,9,92.17916166081147,0.0867875109283086,0.05178321525454521,995443,11313963,265857,4398602,1.2302896157922152
425000,10,90.08042952593635,0.08880952324607427,0.051963675767183304,1085786,10895280,299412,4290377,1.3372861517984704
430000,1,91.0446914129479,0.08786893421072414,0.04757257178425789,1086058,11900694,341239,4670362,1.4610879629383544
430000,2,90.72104165720386,0.08818240899645521,0.05467690899968147,1153247,10897174,316214,4282000,1.3498899142310694
430000,3,88.62226508384526,0.09027076877837892,0.05030154809355736,1054823,11238878,288827,4399684,1.3420794102487383
430000,4,90.61027058335237,0.0882902120090327,0.052842430770397186,1211214,10940259,404310,4397287,1.4669593141318193
430000,5,90.2365893125534,0.08865583308219149,0.05491185933351517,1027922,11935292,297066,4842386,1.198047358047613
430000,6,94.86735040365264,0.08432827485916566,0.05497661605477333,1127459,10911862,325988,4375338,1.3125103212629428
430000,7,90.38489918376125,0.08851036038370996,0.05455959215760231,1033155,11918277,299557,4849126,1.2119210827126135
430000,8,86.74656409163808,0.0922226728374958,0.053787704557180405,1039130,10968366,264031,4368740,1.2364223487042632
430000,9,90.64516702363657,0.08825622217579372,0.050573430955410004,1159511,11308359,335755,4416744,1.4673456516214796
430000,10,94.85728345638097,0.08433722439119509,0.05334556847810745,1083295,10915170,254636,4383592,1.299655847297846
450000,1,91.32469693819681,0.08759952420552711,0.05344713106751442,1030306,12183048,343820,4887331,1.2337347708468227
450000,2,95.84225714206696,0.08347048826429038,0.06098627671599388,1183781,11247877,341268,4579988,1.2422792155818085
450000,3,91.41626457373302,0.08751177963028113,0.05577654018998146,1074901,12276447,314195,5029152,1.2333799078551786
450000,4,91.16276270813412,0.08775512898410866,0.0554414764046669,1144436,12012616,336701,5022423,1.3211030576709992
450000,5,93.35098995102776,0.085698073520129,0.049492113292217255,1043882,12181685,275421,4840020,1.3498806891825688
450000,6,97.81472384929657,0.08178727787777251,0.05755581706762314,1075264,11195827,287739,4489685,1.1956549225796944
450000,7,94.02529233031802,0.0850834897901236,0.055712923407554626,1060142,12191748,351493,5026637,1.2178339216498504
450000,8,96.30543490250905,0.0830690397494023,0.057485293596982956,1120440,11215362,315898,4510380,1.247417478681252
450000,9,88.1559650103251,0.09074825508475817,0.0529375858604908,1022550,12171168,304926,5044661,1.2362331779251494
450000,10,93.47248408529494,0.08558668444822638,0.053648050874471664,1121537,11169575,291594,4550147,1.3379492233175543
475000,1,94.46241353687488,0.08468976919457046,0.05880919471383095,1105807,12539570,362643,5278567,1.2034112751310244
475000,2,96.4936221900739,0.08290703383734041,0.05317626893520355,1151813,11528847,309584,4496798,1.3862580710546766
475000,3,93.97266726744802,0.08513113687868246,0.06120149418711662,1147989,12173218,359742,4997777,1.200482062992937
475000,4,93.73108807363008,0.08535055086222441,0.058905065059661865,1128898,11623882,307548,4771964,1.2265409082703207
475000,5,93.22621320423328,0.08581277438003597,0.05761533975601196,1115953,12503319,341566,5270169,1.2396176487451411
475000,6,95.15411759677686,0.08407413364811638,0.05990013852715492,1206824,11579841,314057,4785805,1.2894249979903762
475000,7,91.08300271787141,0.08783197480631935,0.05298508331179619,1146637,11806250,282818,4554037,1.385008070444275
475000,8,92.94709876963967,0.08607046487623267,0.058334097266197205,1305361,11513482,411925,4795189,1.4321487417344614
475000,9,86.60091381323966,0.09237777810581198,0.05716818571090698,1124490,12496076,297726,5262987,1.2588708055898565
475000,10,92.43969854555633,0.08654290446498399,0.06244353950023651,1167240,11509823,282068,4705936,1.1963344902912985
500000,1,93.24648976325989,0.08579411429117502,0.06355508044362068,1110009,12921497,374419,5529482,1.1177796567029705
500000,2,98.29782694578171,0.08138531896958996,0.060752272605895996,1167457,11884318,324968,4903468,1.2298675390251772
500000,3,90.97976237535477,0.08793164316031557,0.05736570805311203,1154448,12923748,362203,5265033,1.2879588609207768
500000,4,89.67995643615723,0.08920610934612982,0.06096760183572769,1179659,11946122,325587,4984729,1.2383327165044768
500000,5,95.62835097312927,0.08365719913175047,0.06081453710794449,1127679,12863209,319294,5524087,1.1867467785193733
500000,6,96.5065211057663,0.0828959526085538,0.059574492275714874,1193536,11921642,304695,4940574,1.2821981536406368
500000,7,93.75296533107758,0.08533063430846097,0.06109713762998581,1185659,11963212,329202,4964757,1.2419923247395774
500000,8,95.11972963809967,0.0841045283711114,0.0629931278526783,1232922,11852031,329665,4982209,1.2526288293627743
500000,9,93.5836210846901,0.08548504436219949,0.061438221484422684,1148575,12907877,372424,5522772,1.1964669260264598
500000,10,87.38454431295395,0.09154937023358803,0.06338850781321526,1173736,11840191,291069,4907997,1.1850587210752916
525000,1,95.31262375059582,0.08393431725196833,0.06314710900187492,1175991,12863136,369853,5436641,1.1918744213256909
525000,2,100.46184772536868,0.07963222040141549,0.06319399550557137,1211516,13076175,384734,5743781,1.2269682171491136
525000,3,91.85921578180222,0.08708979204659006,0.06425367668271065,1155408,13201589,334296,5758775,1.150846392264077
525000,4,91.74336989720662,0.08719976178075384,0.05977834016084671,1178080,13160365,360874,5471079,1.2612782455506049
525000,5,94.11259776070004,0.0850045603920273,0.06316877156496048,1210666,13184905,342682,5752740,1.226596973162913
525000,6,92.07186954362052,0.08688864513834894,0.06491559371352196,1217753,12206056,304508,5200888,1.200577358098873
525000,7,92.09525017511277,0.08686658633087538,0.06567081809043884,1209111,13184065,405658,5626660,1.1783484087777243
525000,8,92.05305860156105,0.08690640073815357,0.06298099085688591,1226150,13042582,396076,5737449,1.2459886535973772
525000,9,94.31692106383187,0.08482041090575629,0.06526223942637444,1197176,13208671,391878,5755425,1.1740213739744247
525000,10,94.87501212528774,0.08432146484930673,0.06328528001904488,1273787,12252864,352118,5181605,1.2881726678852794
540000,1,95.12505321590989,0.08409982154587622,0.06897725909948349,1267550,12439761,336785,5265848,1.1760861631657304
540000,2,95.84735251135297,0.0834660508651234,0.069460678845644,1300914,12417943,376713,5278749,1.1986421293839873
540000,3,94.21627554628584,0.08491101939250212,0.06929199397563934,1233637,13544966,415953,5901633,1.1394212154979555
540000,4,94.01550999394169,0.08509234274765425,0.06536328047513962,1274326,12366617,350737,5279628,1.2477474111939573
540000,5,94.10663473385353,0.08500994666980811,0.06524347513914108,1210471,13526077,397099,5892859,1.187400637914884
540000,6,96.34892835661218,0.08303154105035754,0.06566040590405464,1288385,12476114,364710,5300301,1.2558046034696866
540000,7,94.38455518749025,0.0847596302605696,0.07125921919941902,1223093,13516213,417212,5903247,1.0984957859408906
540000,8,94.10417880173082,0.08501216526053844,0.06872741132974625,1328940,12472038,325047,5306196,1.2375289328435417
540000,9,94.90351572080894,0.08429613949745263,0.06821276992559433,1236233,13511963,381211,5909832,1.1598841695814721
540000,10,92.41142758616695,0.08656938009685633,0.06664067506790161,1273151,12393548,339619,5303202,1.2227016595641713
575000,1,93.065215193707,0.08596122604292816,0.07013683021068573,1217620,14065153,432011,6251550,1.1110807227231563
575000,2,92.86855873854265,0.08614325567948986,0.07401157170534134,1294448,12923654,369658,5600590,1.1193475572958436
575000,3,94.23573379931243,0.0848934865518962,0.0721614845097065,1339125,14060962,390673,6259001,1.1876695800024997
575000,4,92.03757928765339,0.08692101706626676,0.06952980160713196,1268689,12939613,292114,5615077,1.1677884032919688
575000,5,92.06262619599052,0.08689736900367083,0.07488328218460083,1259682,14011849,411230,6258330,1.0766040917017765
575000,6,93.42646469240603,0.08562884217377714,0.07293032854795456,1330977,12879298,362232,5563105,1.1679986871852515
575000,7,92.94369946355405,0.08607361280187728,0.06537321209907532,1244781,14036504,404851,6096184,1.2186334653292468
575000,8,93.1475149548572,0.08588527567135959,0.07480356097221375,1301580,12904843,364779,5598944,1.113598322290335
575000,9,92.61409873547763,0.08637993684794609,0.06932134926319122,1330567,14018518,431940,6250684,1.2284280226094348
575000,10,92.47695622236832,0.08650803753492224,0.07016762346029282,1364497,12961017,355085,5607184,1.2445598652691716
590000,1,92.63645289307934,0.08635909245395623,0.07429106533527374,1299848,14216310,419560,6409971,1.1197883840346663
590000,2,92.31673458875235,0.08665817780100186,0.07352416589856148,1378917,13127260,398907,5681047,1.2002949903812052
590000,3,92.74656994868134,0.08625655918517064,0.07358209043741226,1310116,14318308,413191,6403538,1.1395085883204048
590000,4,90.07178625818027,0.08881804538736396,0.07219741865992546,1291816,13125837,324070,5739408,1.1451409972070234
590000,5,91.95774919905905,0.08699647468189509,0.07253503426909447,1216366,14204019,381989,6384282,1.0732389497631907
590000,6,92.7575311418307,0.08624636621437905,0.07171158492565155,1319355,13129171,355282,5753832,1.1774766948400814
590000,7,92.37808822575262,0.08660062308769242,0.07105087116360664,1318684,14247102,407652,6402379,1.1878218326931482
590000,8,92.63700221554707,0.08635858035847988,0.07252253964543343,1387749,13253148,395766,5740730,1.2246666544528895
590000,9,92.45747479341797,0.08652626537632324,0.07224096357822418,1251555,14214786,368362,6389271,1.1087825526201127
590000,10,92.85217877161705,0.08615845213150163,0.0740322470664978,1338372,13097279,353097,5729379,1.1570067287443213
600000,1,93.15699338912964,0.08587653711174312,0.07607400044798851,1253607,14325691,365280,6493531,1.0546421579979024
600000,2,92.87572155396144,0.08613661208922016,0.07501901313662529,1337095,13267069,365655,5864729,1.1406985565666097
600000,3,92.37025553981462,0.08660796652826987,0.07693606615066528,1281967,14392187,417374,6510210,1.0664164689591493
600000,4,84.66882010300954,0.09448578579773596,0.07076940685510635,1373364,14163039,330037,6446193,1.241995657529775
600000,5,95.92069933811824,0.08340222762346829,0.07243359088897705,1408329,14393940,423083,6505234,1.2443543788703213
600000,6,95.1255237062772,0.08409940558857695,0.07355088368058205,1368327,13258187,305289,5834499,1.190644131215515
600000,7,95.69257497787476,0.08360105266108363,0.07682988792657852,1284141,14370106,410079,6476395,1.06970120896882
600000,8,94.79419017831485,0.08439335770421597,0.06973056495189667,1414986,13281801,356821,5781963,1.2987002767362033
600000,9,95.98941852649052,0.08334251965274915,0.07578552514314651,1253962,14383824,341581,6490290,1.0589564148089505
600000,10,95.06826599438985,0.08415005697560629,0.07324093952775002,1299973,13589761,365860,5861712,1.1359530958566866
610000,1,97.30182221678437,0.08221839856376315,0.07519329711794853,1256243,14588958,411612,6590098,1.0692382842833041
610000,2,98.1504922030402,0.08150748733333607,0.07532525807619095,1338323,14596144,456278,6595902,1.1371042620705387
610000,3,86.98292687291004,0.09197207184909663,0.07716482505202293,1313935,14574713,420155,6596700,1.0897690747475552
610000,4,95.79496671918963,0.08351169454916091,0.0714777335524559,1276962,13395026,300281,5928136,1.1433710043425402
610000,5,89.38367493817063,0.08950180226460637,0.07512317225337029,1276984,14569085,422002,6592931,1.087906348314963
610000,6,88.76560652842286,0.09012499675128552,0.07726981118321419,1218544,14481745,346457,6587510,1.0092792360406542
610000,7,95.53505138295596,0.08373889880408071,0.07164287194609642,1234018,14499807,393846,6589236,1.102372781194783
610000,8,94.36741104868591,0.08477502891196888,0.07364451140165329,1247367,14450125,404018,6583341,1.0840113741077495
610000,9,93.97637160097966,0.08512778120406389,0.07613269239664078,1389596,13506585,403324,5920309,1.1681465767250871
610000,10,94.44831091849531,0.0847024147091804,0.07451361045241356,1247397,14503901,350419,6583062,1.0713936355423794
625000,1,95.86562514305115,0.08345014167552092,0.07491994649171829,1230773,14658685,380472,6735096,1.0513818507426087
625000,2,91.37659072875977,0.08754977545339836,0.07615669444203377,1259137,14707215,404474,6736793,1.05814424576078
625000,3,85.51563620567322,0.0935501430493862,0.07687953487038612,1264261,14704909,390871,6707524,1.0524608940001203
625000,4,92.79134273529053,0.08621493949949524,0.07622750103473663,1284646,14700917,364397,6761079,1.0785785036103153
625000,5,92.90109276771545,0.08611308824970165,0.08023320883512497,1443792,14041025,453980,6154501,1.1516763362896612
625000,6,92.95018911361694,0.0860676032645965,0.07418068498373032,1230749,14722025,318297,6745978,1.0618388872693179
625000,7,92.90921092033386,0.08610556392368564,0.07545848190784454,1354288,13628832,354230,6092338,1.1486373673121757
625000,8,92.83694624900818,0.08617258885855983,0.0770370289683342,1301420,14793863,393997,6736361,1.0811798055482698
625000,9,93.30602884292603,0.0857393686046528,0.0777115449309349,1301875,14028924,395833,6124516,1.0721701656304676
625000,10,93.20394396781921,0.08583327764286651,0.08101871237158775,1383934,14029666,400088,6082334,1.093226162294095
650000,1,93.40050128790048,0.08565264521804399,0.08004180341959,1369485,14253291,410968,6314565,1.095015807434302
650000,2,95.85647055735954,0.08345811141891439,0.07904708385467529,1333818,14043542,388727,6294409,1.0799177887060165
650000,3,92.82061686882606,0.08618774869063396,0.08058197423815727,1380126,14270086,412086,6330648,1.0961268302877443
650000,4,92.71701941123375,0.08628405066082943,0.08093342185020447,1292548,15116801,416053,7004343,1.0221126218178185
650000,5,92.41435963373917,0.0865666334940367,0.07990825176239014,1348280,14403405,404744,6347422,1.079862443450596
650000,6,92.77841219535242,0.08622695528735022,0.08111951872706413,1320413,14473359,420647,6425066,1.0417521371685097
650000,7,92.88167724242577,0.08613108890270794,0.08188473805785179,1301593,15119382,417520,6970548,1.0173074247504699
650000,8,92.4752251460002,0.08650965690940003,0.08031468465924263,1374447,15232767,490209,6978206,1.0952493728041677
650000,9,92.63397982487312,0.08636139800021767,0.08097567781805992,1329127,15195003,412697,6981270,1.0504898543872174
650000,10,93.02406930006468,0.08599924793866696,0.07802505046129227,1316048,14139452,379984,6291136,1.079487568441683
675000,1,93.21340808161983,0.08582456284609842,0.08458874374628067,1401837,15614269,464047,7228387,1.0606324674723029
675000,2,92.90048921549761,0.08611364770580178,0.07363387569785118,1308726,15575346,369055,6784458,1.1374990546972428
675000,3,94.12548608250088,0.08499292097135104,0.08414645493030548,1419721,14446516,384838,6499558,1.0798095306006272
675000,4,94.39652716671979,0.0847488804950492,0.08594547584652901,1474421,14600094,446782,6511001,1.0979396305688258
675000,5,94.36292780770196,0.08477905662595428,0.08343667164444923,1332132,15570715,383825,7207679,1.0218102702287242
675000,6,94.07964569550974,0.08503433384402964,0.07912915199995041,1323365,15557734,397649,6790057,1.070343329346599
675000,7,94.90960726031551,0.08429072915724765,0.08368770778179169,1406920,15566954,445743,7190775,1.0759391359454946
675000,8,94.19854592393946,0.0849270009588003,0.0863787978887558,1345633,15569586,388758,7230554,0.9970098462230462
675000,9,94.9316057893965,0.08427119644165516,0.0829600915312767,1329918,15567511,433631,7221123,1.025972252789897
675000,10,94.64363257090251,0.08452760933501555,0.08079208061099052,1353309,15572897,450351,7219532,1.0720329931473234
750000,1,97.38556543986002,0.08214769780168664,0.09241143986582756,1474584,15815591,446125,7223026,1.0212304465445077
750000,2,96.51496013005574,0.08288870439587653,0.09047963470220566,1402691,16578839,476288,7931829,0.9921815477644892
750000,3,99.58182275295258,0.08033594665009085,0.09284650906920433,1441622,16694056,507057,7955791,0.9937240390075408
750000,4,100.54473578929901,0.079566572403798,0.09415335953235626,1431626,16180616,449472,7559003,0.9731364282175502
750000,5,95.04309296607971,0.08417234488417953,0.09450605511665344,1478389,16740613,479694,7986979,1.0011728442501355
750000,6,86.46073937416077,0.0925275455415645,0.09559551253914833,1417818,16654260,420120,7954251,0.9492114178773816
750000,7,95.29460469881694,0.08395018821143521,0.09104862064123154,1403770,16712077,443739,7956826,0.9867396053588889
750000,8,95.76619168122609,0.08353678745657286,0.08297235891222954,1447895,16605547,425371,7464526,1.1168210861405532
750000,9,93.93088519573212,0.08516900467114401,0.09736191853880882,1481295,16750567,447529,7988943,0.9737162272763885
750000,10,93.68357062339783,0.0853938417031467,0.09368361532688141,1384319,16585290,417788,7967191,0.945698089157521
800000,1,95.94918694347143,0.08337746524848834,0.09971652552485466,1511087,16385815,464817,7655009,0.9698449428615002
800000,2,99.47528131306171,0.08042198920577016,0.09898627921938896,1501043,16972049,538291,8035715,0.9705057383466424
800000,3,94.50861718505621,0.08464836581340826,0.09828116744756699,1480624,17403428,436443,8446066,0.964171859787425
800000,4,94.71488185226917,0.08446402343063616,0.1006661094725132,1601220,16233185,423581,7622315,1.0179998068563636
800000,5,94.75419763475657,0.08442897728749843,0.09593204408884048,1466284,17354601,376397,8433286,0.9782151197893261
800000,6,94.56882253289223,0.08459447612576015,0.09835104644298553,1459759,17416800,438744,8443317,0.9499093235795775
800000,7,94.77569255977869,0.08440982897544211,0.10234078764915466,1554647,16536147,473388,7621195,0.9722165549584946
800000,8,94.51872203499079,0.08463931618794426,0.0970991775393486,1590061,17511955,473040,8456667,1.048040844205514
800000,9,94.94293946772814,0.08426113668746546,0.09941527992486954,1581985,17499431,470542,8460392,1.0184253373979812
800000,10,94.22949980944395,0.08489910289429571,0.09786543250083923,1454763,16582440,415973,7721215,0.9513556484737509
850000,1,94.98183779856738,0.08422662885262329,0.1031159795820713,1645879,17154906,526650,8078892,1.021531836548782
850000,2,95.48107490820044,0.08378623730086344,0.10522338002920151,1606731,18191642,575277,8947420,0.9772617451697758
850000,3,96.39761027167825,0.08298960915580302,0.10664951801300049,1659828,17226400,466231,8110596,0.9960569347069227
850000,4,84.93074599434347,0.0941943922231981,0.10274716466665268,1501344,18147689,427557,8934642,0.9351695135504348
850000,5,93.87122795862311,0.08522313145329545,0.10231918469071388,1610526,18229748,511726,8913932,1.0073737814816128
850000,6,93.00554499906653,0.08601637676635618,0.10398279875516891,1599089,17214657,440398,8047922,0.9842175554532538
850000,7,93.65914499058442,0.08541611180418357,0.10934573784470558,1555658,18191571,473061,8948919,0.9105257686531831
850000,8,93.84215316351722,0.0852495358462229,0.10655921697616577,1537211,17258448,433675,8098716,0.9232566341211489
850000,9,93.64860899308148,0.08542572159925002,0.10631553828716278,1648380,17198510,429135,8130454,0.992294463251928
850000,10,93.8110623289557,0.08527778922220693,0.1061721034348011,1662951,18250147,492312,8951296,1.002418343019422
900000,1,94.23929370111888,0.08489027968919315,0.11783832684159279,1676743,18998459,616002,9432955,0.9106676484320447
900000,2,95.68507058752908,0.08360760932586556,0.1103268526494503,1814469,17688984,498606,8455060,1.0525634803430477
900000,3,94.48947177992927,0.08466551721902311,0.11275851354002953,1661708,18926890,497020,9427422,0.9431599323295953
900000,4,93.65593393643697,0.08541904035071064,0.11662745103240013,1624624,18947568,471967,9419992,0.8915219794275926
900000,5,93.80586859252718,0.0852825107856557,0.11229626461863518,1685790,17976356,455435,8603818,0.9607671311811019
900000,6,93.47219434049394,0.08558694974954972,0.11125116422772408,1678455,18705911,477323,9164551,0.9655729964327904
900000,7,93.4060662984848,0.0856475421460905,0.1120457872748375,1684092,18061425,490543,8573152,0.9619450282019211
900000,8,93.8662514090538,0.085227649766659,0.11134770140051842,1816938,18075184,480477,8609538,1.0443325774793102
900000,9,93.47223573260837,0.08558691184925996,0.11218928918242455,1715334,18307630,435659,8850239,0.9785370493032612
900000,10,93.62538655598958,0.08544691022680972,0.1100042462348938,1735650,17901888,452525,8492544,1.0097937470777782
925000,1,93.83504857888093,0.08525599039121218,0.1112762875854969,1712875,19291541,466717,9680631,0.9851514853582134
925000,2,93.5903554027145,0.08547889326390962,0.1165284588932991,1771794,19319299,501943,9696324,0.9731083468960277
925000,3,94.06571452682083,0.08504692746174772,0.11627128720283508,1780562,18818814,516017,9079810,0.980086922072205
925000,4,93.59989214587857,0.08547018395632051,0.11058222129940987,1702025,18356338,456422,8849178,0.9850552712724475
925000,5,95.41222372570553,0.0838466989617461,0.11849988251924515,1727719,19297435,480626,9667296,0.9331149841607823
925000,6,96.55194508062826,0.08285695325267023,0.11778482422232628,1727100,18913114,492292,9203152,0.938443477161025
925000,7,95.39228436109182,0.08386422501129456,0.11316001415252686,1680851,19448239,527206,9668071,0.9506402487278044
925000,8,95.47188475325301,0.08379430259155343,0.12111301347613335,1643901,19347350,440553,9644709,0.8686900026703797
925000,9,95.3138357884175,0.08393324991933811,0.11618087440729141,1701024,18426085,486380,8760013,0.9370349169378234
925000,10,95.21847641145861,0.08401730737037164,0.11791624501347542,1756915,18045520,448663,8659066,0.9535798904311287
950000,1,96.22411900445034,0.08313923871446412,0.1138056218624115,1682041,19768030,615221,9912514,0.9459165745796569
950000,2,98.04349196584602,0.08159644092222708,0.11784478276968002,1687998,19442986,584410,9890397,0.9167302061317494
950000,3,94.75171566009521,0.08443118886309738,0.11941016092896461,1701325,19769012,513451,9927114,0.9118553995147364
950000,4,93.87618224871785,0.08521863382561302,0.12174921110272408,1686896,19271122,475450,9449282,0.8867518977918406
950000,5,94.64248622718611,0.08452863316371749,0.12032506987452507,1675386,19782694,502246,9916767,0.8911252169794198
950000,6,93.83194540676318,0.08525880994281697,0.1182798333466053,1678018,19824105,499335,9916194,0.9079582627183524
950000,7,93.47782323234959,0.08558179601716981,0.11931407079100609,1718916,18730988,484883,8949797,0.9220255689096194
950000,8,93.59672273460187,0.08547307818335044,0.12958456948399544,1753097,19726052,478009,9940809,0.8658300015717322
950000,9,94.01627669208928,0.0850916488237524,0.12483793124556541,1736843,19786172,488441,9938656,0.8904180876030708
950000,10,93.73275465086887,0.08534903332136141,0.12227490544319153,1766798,18675212,454355,9054936,0.9247610667957887
975000,1,94.18528049420087,0.08493896241560348,0.12368857860565186,1798014,18676025,429632,9147090,0.9303437495783611
975000,2,93.5492225182362,0.08551647768574992,0.1261042095720768,1839511,19087363,518329,9074530,0.9335826646826595
975000,3,94.44395319009439,0.08470632295429018,0.12151418998837471,1753057,20092497,485447,10167873,0.9233131374264503
975000,4,94.94492640862099,0.08425937332943786,0.12556278333067894,1805424,20185587,506373,10183543,0.9202339493836961
975000,5,85.6331067207532,0.09342181203454106,0.12007367610931396,1831315,19740070,485394,9873281,0.9761020383293538
975000,6,95.85906679813678,0.08345585104481212,0.1175374984741211,1790812,20132410,490296,10159031,0.9751098116592534
975000,7,95.72874659147018,0.08356946356083213,0.11730435863137245,1764281,20097074,491873,10159029,0.9625727919866204
975000,8,95.692957058931,0.08360071886035798,0.12019534036517143,1787971,19177387,528643,9154096,0.9520347764925337
975000,9,95.605173936257,0.08367747968675684,0.12354311347007751,1758701,20149711,497140,10180950,0.9110735583595405
975000,10,93.85493703377553,0.08523792410750906,0.11784447357058525,1758663,20149549,500962,10163066,0.9551099732528681
1000000,1,94.94257345795631,0.0842614615196065,0.12247888743877411,1695645,20469041,637373,10415105,0.8860407068463014
1000000,2,88.97991478443146,0.0899079305636707,0.11478632315993309,1699895,20623393,597545,9796200,0.9477895711357274
1000000,3,95.79980000853539,0.08350748121903419,0.12438143789768219,1856301,19419558,465085,9465247,0.9551526820081396
1000000,4,93.98411586880684,0.08512076669601555,0.12288129702210426,1836452,20534706,478423,10429238,0.9564753208851451
1000000,5,93.96317973732948,0.08513973263105502,0.12185969576239586,1856011,20525717,511157,10425208,0.974766129661184
1000000,6,93.62148493528366,0.08545047117688896,0.12087348103523254,1916976,19314387,502648,9385098,1.0149990134249465
1000000,7,94.29251402616501,0.08484236614775272,0.12664606049656868,1791150,20628323,539046,10410944,0.9051493552229827
1000000,8,86.78331226110458,0.0921836213848399,0.12592564523220062,1869292,19278624,436029,9455934,0.9500422870925107
1000000,9,91.50213375687599,0.08742965515160825,0.12654581293463707,1768752,20437454,455609,10399579,0.8945387079576443
1000000,10,94.31246668100357,0.08482441697828438,0.12832562625408173,1775760,20574732,520395,10421817,0.8856270046559396
5000000,1,105.65416365861893,0.07571873859935084,0.5947281122207642,27744420,85908186,21872179,46994733,2.985638047896545
5000000,2,105.46508729457855,0.07585448611685965,0.6798869892954826,30497114,83278741,20255743,47141454,2.87079371532396
5000000,3,105.51792159676552,0.07581650471255327,0.6608676090836525,30540347,81928586,19516303,45802339,2.9576002532643257
5000000,4,105.64427003264427,0.0757258296879517,0.6554340720176697,30141994,81794788,19098768,46020414,2.9432214441668423
5000000,5,105.95862492918968,0.07550116854900922,0.6541430987417698,30647104,83012307,19790925,46289247,2.998448901735322
5000000,6,105.27840033173561,0.07598899655382058,0.6687332689762115,30704294,81633690,19550787,45791106,2.9385031479118804
5000000,7,107.30220600962639,0.07455578312418197,0.6599246375262737,30761562,81818382,19569021,45732660,2.983279992969831
5000000,8,107.583799213171,0.0743606384837597,0.6945623196661472,30613713,82769366,20184587,46809471,2.8208809728430975
5000000,9,107.16523006558418,0.0746510784804369,0.6447783038020134,30578517,82791823,19822837,46435365,3.0351906639230326
5000000,10,107.41066411137581,0.07448050029468838,0.646445881575346,30669570,82527468,19680247,45964356,3.036375566685734
10000000,1,109.50726084411144,0.07305451655291026,1.325731549412012,85898286,166522794,58196630,100006196,4.146759807019939
10000000,2,109.65199172496796,0.07295809108571245,1.3663613237440586,85486821,166898670,58173849,100617566,4.00417989657971
10000000,3,109.89539548754692,0.07279649856582518,1.303796824067831,83611647,167057895,57543281,101744210,4.104278603244706
10000000,4,105.63698709011078,0.07573105046223834,1.3588793277740479,85356213,168807587,59695334,101683311,4.020075602260059
10000000,5,109.88707020878792,0.07280201378378566,1.388275858014822,86057022,165315873,56811551,98081117,3.9672586512278003
10000000,6,109.92042534053326,0.07277992215928947,1.3668711632490158,86209829,168164879,58099910,100310651,4.0365392177015575
10000000,7,109.03227925300598,0.07337276680638997,1.3638183176517487,84560111,168706246,60023650,102193974,3.9681583932075597
10000000,8,101.67483128607273,0.0786822058006781,1.2698746509850025,84260218,166723993,57291130,101218963,4.246603353974414
10000000,9,110.37722565233707,0.07247871970616623,1.3369946293532848,85843784,166854416,58647358,100816803,4.109217834822189
10000000,10,109.91284027695656,0.07278494468746083,1.358219463378191,84908650,170078391,59422223,101829492,4.000939278608232
15000000,1,117.89637903372447,0.06785619766754317,2.2997602112591267,141061948,260773058,100831819,166063422,3.9256112997350963
15000000,2,117.16980387767155,0.06827697696201844,1.886601373553276,138161494,257907820,93682413,163880479,4.686912529564264
15000000,3,117.34086448947588,0.06817744214520857,2.1815865114331245,143030441,256956202,100103966,165392604,4.196005143975062
15000000,4,114.88191907604535,0.06963671972353153,1.9126786477863789,139575576,258384973,95500831,165310488,4.670328115148008
15000000,5,118.05495421091716,0.06776505106009519,2.1290867924690247,142691586,255622558,98934321,164112646,4.289285686380896
15000000,6,118.10637911160786,0.06773554536322021,2.217602528631687,143603339,257157478,99543518,164101811,4.144391782268946
15000000,7,115.55457537372907,0.06923135647486246,2.1882379092276096,143313543,258102424,99432020,164525273,4.191530872087623
15000000,8,114.08168971538544,0.07012518853778069,2.239834625273943,143511987,254812056,98056807,162677909,4.100645228161278
15000000,9,117.7831935385863,0.06792140508042147,2.1820937655866146,142969897,256267960,98055825,162780174,4.193253998661316
15000000,10,118.10132885972659,0.0677384418722494,2.127325441688299,143602663,258270589,98898409,163705880,4.320246564957231
20000000,1,129.84464447945356,0.06161209060313541,2.907031398266554,197842648,350677699,134995071,229881527,4.355621848305538
20000000,2,129.30348254740238,0.0618699499997397,3.090182077139616,203379866,353428292,141432461,231586137,4.212150319649892
20000000,3,131.39960411936045,0.06088298403648903,3.097440395504236,203195897,356097527,141772707,232370313,4.198478662212635
20000000,4,131.28318693488836,0.060936972865898706,3.114621013402939,203124602,352436633,141066093,231705202,4.173854370100916
20000000,5,131.28422684967518,0.06093649017836901,2.6436936482787132,194247396,353828575,137479401,236468185,4.702448542815944
20000000,6,131.74339905381203,0.06072410502124902,3.073302760720253,203173869,354278047,142207996,232580308,4.230994675237468
20000000,7,132.96077754348516,0.06016811986063769,2.874768443405628,198104164,358668437,142919074,236975232,4.4103261690809665
20000000,8,128.14172375947237,0.06243087548140332,3.103858884423971,202290076,353069076,140577679,231587683,4.171119031528614
20000000,9,132.13438969105482,0.060544420106717914,2.8003071658313274,199327676,348582606,137840505,232020984,4.555561411139995
20000000,10,126.50313526391984,0.06323953934667177,3.0912840589880943,203264032,354453988,141573543,232106126,4.208250616819197
30000000,1,146.06795745591322,0.05476902764533138,4.495439004153013,316639451,550687609,213445481,366952379,4.507885624802982
30000000,2,144.80246702829996,0.05524767750287357,4.953900158405304,324609618,555828021,229148777,374763098,4.193668602051041
30000000,3,144.65131871402264,0.055305406622777456,5.071326371282339,325684510,559833213,229491443,374511144,4.1101296019978735
30000000,4,143.7939596672853,0.05563516032600143,5.022079110145569,325462875,560023937,230091546,375209153,4.1476096937461895
30000000,5,99.45383767286937,0.08043932931290362,5.122748572379351,324888236,560434455,231156303,376416261,4.0589239956280725
30000000,6,143.94972622394562,0.05557495807636502,5.0784912295639515,324634327,562226441,228927816,374323413,4.091096349059544
30000000,7,145.13708005348843,0.05512030417762093,4.184255577623844,312390203,561347771,216901805,374350774,4.778143356948959
30000000,8,145.6153916815917,0.05493924720192432,4.281076557934284,312264565,567886232,217460293,373893965,4.668202469530978
30000000,9,143.60214682916802,0.055709473546499,5.055559866130352,325492915,558848044,229308270,374489045,4.120522179859967
30000000,10,144.68074788649875,0.05529415707939217,5.027658220380545,325448557,560475751,231302731,376228215,4.142824896801253
40000000,1,151.97148751467466,0.0526414535438926,7.073556609451771,446244447,795554198,327242872,530678528,4.0375225908050645
40000000,2,154.0883724577725,0.051918258804325934,5.598396871238947,411581905,782042719,305995856,523927463,4.7051401545547415
40000000,3,152.68431091681123,0.052395691161475876,5.539701595902443,422679463,785017228,301804941,527208211,4.88320267142353
40000000,4,147.66682162880898,0.0541760153821801,7.072477012872696,446915679,789798806,322871360,525705437,4.044212996937293
40000000,5,151.79144106805325,0.05270389386719986,7.118700224906206,429454919,795399151,341154961,536230247,3.8609737659464565
40000000,6,151.80083066225052,0.05270063388387915,6.449709761887789,436640299,795818140,308648899,520897646,4.332749870564824
40000000,7,150.47367215156555,0.053165446723078234,5.094729416072369,417341920,794960253,299974615,531111541,5.242649942455864
40000000,8,151.99805963784456,0.05263225082649776,7.08954505994916,439691090,794091058,329644233,526792525,3.9692574801410174
40000000,9,150.12554414570332,0.053288732743813766,7.2304640263319016,440615166,799429680,328388463,531011875,3.900077577497591
40000000,10,151.36281605809927,0.0528531392870576,7.0633679404854774,447265059,793446992,325320990,528627687,4.0525941756380535
50000000,1,156.15035243332386,0.05123267335189651,8.944156885147095,563098199,1034711409,419109726,672389676,4.029254540005457
50000000,2,156.16225495934486,0.0512287684503705,9.05060638859868,568908065,1041278991,415684402,677802783,4.0229477005946155
50000000,3,131.1972740292549,0.060976876685838205,9.540180616080761,565941413,1031730750,412970148,671284132,3.796600073896691
50000000,4,157.1664409339428,0.050901451686892925,9.250667180866003,567900382,1037733471,416856251,678230173,3.928973309425396
50000000,5,157.2030933201313,0.050889583856398114,6.378879223018885,523099401,1039709811,387789878,683076124,5.248314083638653
50000000,6,155.3757457435131,0.051488087550073745,7.743173081427813,552176794,1009635718,375671414,655071196,4.563931923562731
50000000,7,156.16329617798328,0.0512284268826024,9.22847569361329,565268937,1029926497,414630923,673863491,3.9201719947138183
50000000,8,156.2424585968256,0.05120247128626877,8.945998419076204,571488819,1042449723,409880765,670947345,4.088451920358923
50000000,9,156.12114675343037,0.051242257479922206,8.972501162439585,562512266,1050620538,423057139,682306016,4.012346654766166
50000000,10,154.5237573981285,0.05177197432099778,9.569602239876986,563807328,1035233107,409408305,670684685,3.7706550478804273
60000000,1,160.16415109237033,0.04994875535778425,10.984202343970537,689600233,1287969682,503999731,819251791,4.017989975960915
60000000,2,159.07448257009187,0.05029090694338745,10.863163013011217,695869747,1298293925,496555114,817247210,4.099695802655081
60000000,3,98.8245589658618,0.08095153759060579,11.116385199129581,688204158,1304928286,503022084,817837560,3.9621752325970814
60000000,4,144.35258340090513,0.05541986025828089,7.845997218042612,648369593,1287802812,453884515,822166696,5.288767354719018
60000000,5,159.46785639971495,0.050166849800423484,10.524794816970825,683093633,1294523293,499944780,818371447,4.153809482490473
60000000,6,159.06280782073736,0.05029459815028503,11.289559181779623,694434393,1293972425,495744784,816440177,3.936717141598272
60000000,7,159.23125756283602,0.050241391812427476,11.26545288413763,664338063,1318212416,526875878,838750242,3.7741612760075665
60000000,8,160.66846270114183,0.049791974513882904,11.356450099498034,694235714,1294136638,498609174,819463380,3.9124097148953174
60000000,9,160.094907010595,0.04997035914122217,10.907902993261814,684833474,1291139399,514764711,828092365,4.0181272571891125
60000000,10,160.12461880842844,0.04996108693049332,11.155455157160759,694525915,1290256469,502936429,823802928,3.98456700634644
70000000,1,161.31878878389085,0.04959124761788983,12.209245163947344,789372156,1559272519,589145232,969034254,4.137833035999627
70000000,2,98.28377499112061,0.08139695489639825,12.89296929910779,818876025,1581995088,585283978,965683012,4.064856154092192
70000000,3,162.20749930611677,0.04931954462168522,13.058327186852694,799733480,1574277594,611064135,982077336,3.919563508221153
70000000,4,162.4812028769936,0.04923646463927523,13.657335851341486,814175077,1567087512,585546837,965931013,3.8153271981578887
70000000,5,161.32762900420596,0.04958853018159358,13.103963535279036,800176607,1578227384,606726486,978767801,3.9080773317269086
70000000,6,161.43285568271367,0.049556206920625304,12.862170197069645,818925825,1581209264,590601740,972173135,4.074837449432968
70000000,7,158.4878368569272,0.050477059682642364,13.236661687493324,807304336,1572534851,605548598,975993633,3.9033616423707556
70000000,8,141.94437973201275,0.05636010397244181,13.57153357565403,817955273,1565578652,585354925,966215954,3.857275022029132
70000000,9,161.38749101332255,0.04957013675452454,8.955328077077866,749235366,1578195922,540977951,973043301,5.3544731149198155
70000000,10,161.53461294514793,0.049524989438124625,12.818452917039394,820322369,1580323331,586515079,966986150,4.095707333465462
